年月日,開盤價,最高價,最低價,收盤價,成交量,成交值
2012/06/01,41.00 ,41.19 ,40.15 ,40.15 ,36539.00 ,3146215.00
2012/06/04,39.07 ,39.40 ,38.08 ,38.60 ,45093.00 ,3705385.00
2012/06/05,39.21 ,39.54 ,38.36 ,38.69 ,28335.00 ,2335503.00
2012/06/06,39.26 ,39.30 ,38.46 ,38.97 ,24954.00 ,2064016.00
2012/06/07,40.01 ,40.01 ,39.30 ,39.49 ,27580.00 ,2324375.00
2012/06/08,38.88 ,39.21 ,38.22 ,38.46 ,31650.00 ,2595841.00
2012/06/11,39.07 ,39.63 ,39.07 ,39.44 ,24849.00 ,2075712.00
2012/06/12,38.60 ,38.97 ,38.55 ,38.83 ,23659.00 ,1948297.00
2012/06/13,39.11 ,39.11 ,38.60 ,38.60 ,20105.00 ,1654685.00
2012/06/14,38.69 ,38.93 ,38.41 ,38.64 ,14463.00 ,1189873.00
2012/06/15,38.88 ,39.77 ,38.74 ,39.77 ,31402.00 ,2631143.00
2012/06/18,40.76 ,41.09 ,40.67 ,40.72 ,30829.00 ,2675176.00
2012/06/19,40.90 ,40.90 ,40.24 ,40.62 ,24647.00 ,2125569.00
2012/06/20,40.76 ,41.00 ,40.48 ,40.95 ,25342.00 ,2194433.00
2012/06/21,40.95 ,40.95 ,40.43 ,40.53 ,20145.00 ,1738990.00
2012/06/22,40.10 ,40.81 ,39.96 ,40.76 ,20071.00 ,1721861.00
2012/06/25,40.57 ,40.86 ,40.01 ,40.72 ,22522.00 ,1940871.00
2012/06/26,40.57 ,40.57 ,40.24 ,40.48 ,25077.00 ,2151933.00
2012/06/27,40.43 ,40.90 ,40.43 ,40.72 ,18155.00 ,1571475.00
2012/06/28,41.37 ,41.61 ,41.19 ,41.37 ,30590.00 ,2689575.00
2012/06/29,41.61 ,42.27 ,41.47 ,42.08 ,34617.00 ,3083530.00
2012/07/02,42.27 ,42.36 ,41.80 ,41.89 ,23144.00 ,2067584.00
2012/07/03,41.89 ,42.65 ,41.89 ,42.60 ,34454.00 ,3100353.00
2012/07/04,42.69 ,43.30 ,42.41 ,43.30 ,37675.00 ,3428055.00
2012/07/05,43.07 ,43.40 ,42.74 ,43.02 ,17616.00 ,1611199.00
2012/07/06,42.97 ,43.21 ,42.32 ,43.02 ,22171.00 ,2015689.00
2012/07/09,42.74 ,43.26 ,42.60 ,43.26 ,17953.00 ,1638800.00
2012/07/10,43.30 ,43.54 ,42.08 ,42.41 ,37580.00 ,3405659.00
2012/07/11,41.56 ,42.36 ,41.52 ,42.32 ,20515.00 ,1831312.00
2012/07/12,41.99 ,42.36 ,41.00 ,41.00 ,36874.00 ,3259753.00
2012/07/13,40.90 ,41.14 ,40.72 ,40.95 ,25431.00 ,2211374.00
2012/07/16,41.42 ,41.52 ,41.04 ,41.19 ,11685.00 ,1025725.00
2012/07/17,41.19 ,41.80 ,41.00 ,41.66 ,18398.00 ,1623129.00
2012/07/18,41.42 ,41.42 ,40.95 ,40.95 ,25496.00 ,2227976.00
2012/07/19,41.66 ,41.66 ,41.28 ,41.56 ,16462.00 ,1451289.00
2012/07/20,41.42 ,42.17 ,41.37 ,42.17 ,17997.00 ,1601255.00
2012/07/23,41.61 ,41.61 ,40.62 ,40.76 ,27095.00 ,2361655.00
2012/07/24,40.62 ,40.62 ,40.01 ,40.29 ,26416.00 ,2258269.00
2012/07/25,38.17 ,39.07 ,38.13 ,38.55 ,66421.00 ,5458444.00
2012/07/26,38.55 ,38.74 ,37.75 ,37.89 ,66987.00 ,5415886.00
2012/07/27,39.02 ,39.30 ,38.46 ,39.30 ,37455.00 ,3103078.00
2012/07/30,39.30 ,39.30 ,38.83 ,38.97 ,29193.00 ,2422763.00
2012/07/31,38.60 ,40.10 ,38.60 ,39.82 ,29937.00 ,2518125.00
2012/08/01,40.01 ,40.10 ,39.35 ,39.92 ,27796.00 ,2349777.00
2012/08/03,38.60 ,39.11 ,37.19 ,38.41 ,59067.00 ,4781628.00
2012/08/06,41.09 ,41.09 ,40.48 ,41.09 ,69231.00 ,6020170.00
2012/08/07,40.95 ,41.09 ,40.01 ,41.09 ,32477.00 ,2803430.00
2012/08/08,41.33 ,41.47 ,40.95 ,41.09 ,27285.00 ,2389368.00
2012/08/09,41.42 ,43.07 ,41.37 ,42.83 ,77166.00 ,6961021.00
2012/08/10,43.91 ,45.28 ,43.91 ,44.43 ,74735.00 ,6311956.00
2012/08/13,45.54 ,45.54 ,44.49 ,44.70 ,31984.00 ,2725835.00
2012/08/14,44.75 ,45.43 ,44.70 ,44.75 ,40206.00 ,3435633.00
2012/08/15,44.91 ,44.96 ,44.12 ,44.49 ,30822.00 ,2606487.00
2012/08/16,44.75 ,44.91 ,44.22 ,44.28 ,22476.00 ,1903207.00
2012/08/17,44.38 ,45.07 ,44.33 ,44.49 ,25349.00 ,2148945.00
2012/08/20,44.96 ,45.01 ,44.54 ,44.64 ,18526.00 ,1573171.00
2012/08/21,45.01 ,45.96 ,45.01 ,45.22 ,51487.00 ,4444534.00
2012/08/22,45.12 ,45.43 ,44.91 ,45.33 ,19916.00 ,1709387.00
2012/08/23,45.28 ,45.86 ,45.22 ,45.86 ,28541.00 ,2472188.00
2012/08/24,45.80 ,45.96 ,45.22 ,45.75 ,32248.00 ,2797389.00
2012/08/27,46.33 ,46.43 ,45.86 ,46.07 ,32248.00 ,2825777.00
2012/08/28,45.33 ,45.64 ,44.17 ,44.33 ,52284.00 ,4454738.00
2012/08/29,43.96 ,44.64 ,43.96 ,44.22 ,34919.00 ,2937863.00
2012/08/30,43.70 ,45.17 ,43.70 ,45.01 ,56666.00 ,4796137.00
2012/08/31,43.75 ,45.01 ,43.75 ,44.64 ,39672.00 ,3355383.00
2012/09/03,47.75 ,47.75 ,46.59 ,47.38 ,107785.00 ,9688022.00
2012/09/04,47.65 ,48.17 ,47.22 ,47.33 ,50380.00 ,4562557.00
2012/09/05,47.33 ,47.33 ,46.75 ,46.75 ,37312.00 ,3329383.00
2012/09/06,47.17 ,47.33 ,46.43 ,46.54 ,36957.00 ,3287568.00
2012/09/07,47.38 ,47.38 ,46.80 ,46.86 ,32920.00 ,2941283.00
2012/09/10,46.86 ,47.07 ,46.75 ,46.75 ,21835.00 ,1943691.00
2012/09/11,46.54 ,48.01 ,46.49 ,47.59 ,47320.00 ,4270298.00
2012/09/12,47.91 ,49.07 ,47.80 ,48.96 ,65249.00 ,6033497.00
2012/09/13,49.38 ,49.65 ,48.70 ,48.96 ,43641.00 ,4071721.00
2012/09/14,50.54 ,51.59 ,50.17 ,51.07 ,75812.00 ,7340594.00
2012/09/17,51.59 ,51.80 ,50.80 ,51.33 ,42797.00 ,4165730.00
2012/09/18,50.80 ,51.01 ,50.38 ,50.59 ,34490.00 ,3317438.00
2012/09/19,50.59 ,51.01 ,49.86 ,51.01 ,34629.00 ,3320773.00
2012/09/20,50.96 ,50.96 ,50.33 ,50.54 ,23158.00 ,2224994.00
2012/09/21,51.01 ,51.17 ,50.65 ,50.96 ,34484.00 ,3335693.00
2012/09/24,50.91 ,50.91 ,50.38 ,50.44 ,27300.00 ,2621229.00
2012/09/25,50.12 ,50.44 ,48.96 ,49.22 ,56193.00 ,5295727.00
2012/09/26,48.33 ,48.44 ,47.33 ,47.49 ,80333.00 ,7292367.00
2012/09/27,47.17 ,48.01 ,47.12 ,47.49 ,45548.00 ,4114084.00
2012/09/28,47.65 ,48.44 ,47.65 ,48.44 ,37374.00 ,3416389.00
2012/10/01,48.44 ,48.44 ,47.80 ,48.07 ,15773.00 ,1440517.00
2012/10/02,47.91 ,48.33 ,47.59 ,48.28 ,27954.00 ,2551828.00
2012/10/03,48.80 ,48.80 ,48.12 ,48.12 ,23530.00 ,2161813.00
2012/10/04,48.01 ,48.17 ,47.54 ,47.96 ,21051.00 ,1913780.00
2012/10/05,47.80 ,48.17 ,47.49 ,47.59 ,31779.00 ,2880695.00
2012/10/08,47.38 ,47.38 ,46.65 ,46.70 ,31124.00 ,2768978.00
2012/10/09,46.86 ,47.38 ,46.75 ,47.01 ,36162.00 ,3228946.00
2012/10/11,45.80 ,46.33 ,45.17 ,45.28 ,70984.00 ,6151174.00
2012/10/12,45.75 ,45.91 ,45.17 ,45.70 ,36458.00 ,3149486.00
2012/10/15,46.07 ,46.22 ,45.75 ,46.07 ,19331.00 ,1686860.00
2012/10/16,46.22 ,46.54 ,45.96 ,46.12 ,25449.00 ,2236994.00
2012/10/17,46.33 ,46.54 ,45.86 ,46.01 ,26476.00 ,2321033.00
2012/10/18,46.33 ,46.59 ,46.07 ,46.07 ,26165.00 ,2303070.00
2012/10/19,45.75 ,45.75 ,45.12 ,45.17 ,96985.00 ,8320317.00
2012/10/22,44.22 ,44.86 ,44.22 ,44.80 ,34566.00 ,2925951.00
2012/10/23,44.80 ,45.07 ,44.38 ,44.59 ,27551.00 ,2335073.00
2012/10/24,44.17 ,45.07 ,43.96 ,44.75 ,33778.00 ,2855741.00
2012/10/25,44.75 ,45.28 ,44.75 ,44.86 ,35313.00 ,3020438.00
2012/10/26,44.91 ,45.70 ,44.38 ,44.38 ,45487.00 ,3886874.00
2012/10/29,44.75 ,44.91 ,44.22 ,44.22 ,38984.00 ,3300016.00
2012/10/30,44.86 ,46.49 ,44.75 ,46.33 ,72714.00 ,6321569.00
2012/10/31,47.91 ,47.91 ,46.70 ,46.70 ,88998.00 ,7968975.00
2012/11/01,46.70 ,47.65 ,46.17 ,47.28 ,51518.00 ,4584293.00
2012/11/02,47.59 ,47.59 ,46.65 ,46.65 ,27062.00 ,2419545.00
2012/11/05,46.49 ,46.86 ,45.86 ,46.07 ,28743.00 ,2526800.00
2012/11/06,46.59 ,47.28 ,46.33 ,47.28 ,32990.00 ,2934297.00
2012/11/07,47.28 ,47.65 ,46.96 ,47.54 ,41644.00 ,3744140.00
2012/11/08,47.28 ,47.86 ,46.80 ,47.86 ,52522.00 ,4721673.00
2012/11/09,47.49 ,48.44 ,47.28 ,48.12 ,50619.00 ,4605603.00
2012/11/12,47.86 ,47.86 ,47.01 ,47.38 ,41073.00 ,3694700.00
2012/11/13,47.38 ,47.54 ,46.07 ,46.17 ,32636.00 ,2893059.00
2012/11/14,47.54 ,47.80 ,47.12 ,47.28 ,49415.00 ,4451408.00
2012/11/15,47.07 ,47.65 ,47.07 ,47.43 ,31085.00 ,2801030.00
2012/11/16,47.54 ,47.80 ,46.96 ,47.22 ,30927.00 ,2785748.00
2012/11/19,47.54 ,47.59 ,46.96 ,46.96 ,16175.00 ,1452055.00
2012/11/20,47.70 ,47.70 ,47.17 ,47.33 ,20088.00 ,1808320.00
2012/11/21,47.33 ,47.65 ,46.65 ,46.91 ,28643.00 ,2544290.00
2012/11/22,47.38 ,47.38 ,46.86 ,46.86 ,16370.00 ,1461674.00
2012/11/23,47.38 ,48.44 ,47.28 ,48.44 ,61070.00 ,5565745.00
2012/11/26,48.96 ,49.33 ,48.75 ,48.86 ,43590.00 ,4054035.00
2012/11/27,48.86 ,48.96 ,48.59 ,48.86 ,31119.00 ,2884617.00
2012/11/28,48.65 ,49.17 ,48.49 ,49.12 ,49482.00 ,4597226.00
2012/11/29,49.33 ,49.70 ,48.91 ,48.96 ,58324.00 ,5465129.00
2012/11/30,49.22 ,49.65 ,49.01 ,49.07 ,48623.00 ,4553577.00
2012/12/03,49.33 ,50.01 ,49.33 ,49.86 ,50851.00 ,4811925.00
2012/12/04,49.86 ,50.38 ,49.54 ,50.17 ,48577.00 ,4613071.00
2012/12/05,49.54 ,50.17 ,49.22 ,50.01 ,36894.00 ,3492267.00
2012/12/06,50.01 ,50.28 ,49.65 ,49.75 ,32761.00 ,3106389.00
2012/12/07,49.96 ,50.44 ,49.54 ,50.28 ,57098.00 ,5434802.00
2012/12/10,50.59 ,50.65 ,49.86 ,50.59 ,41497.00 ,3969893.00
2012/12/11,50.80 ,50.86 ,49.22 ,50.01 ,82372.00 ,7838138.00
2012/12/12,50.75 ,50.80 ,50.33 ,50.33 ,52201.00 ,5010220.00
2012/12/13,50.38 ,50.59 ,50.01 ,50.54 ,35394.00 ,3386389.00
2012/12/14,49.49 ,49.49 ,47.91 ,48.17 ,124904.00 ,11576611.00
2012/12/17,45.70 ,46.75 ,45.54 ,45.91 ,161625.00 ,14128919.00
2012/12/18,46.33 ,46.54 ,46.17 ,46.54 ,62129.00 ,5471795.00
2012/12/19,46.86 ,46.86 ,46.49 ,46.65 ,46761.00 ,4146601.00
2012/12/20,46.65 ,46.70 ,46.28 ,46.38 ,46983.00 ,4111269.00
2012/12/21,46.38 ,46.38 ,45.54 ,45.80 ,58406.00 ,5084131.00
2012/12/22,46.17 ,46.54 ,45.91 ,46.38 ,17151.00 ,1505988.00
2012/12/24,46.33 ,46.33 ,45.96 ,46.22 ,14667.00 ,1287009.00
2012/12/25,46.33 ,46.75 ,46.22 ,46.75 ,17590.00 ,1553569.00
2012/12/26,46.86 ,46.96 ,46.59 ,46.59 ,15857.00 ,1406940.00
2012/12/27,46.59 ,46.96 ,46.59 ,46.86 ,21979.00 ,1953798.00
2012/12/28,47.38 ,47.38 ,46.65 ,46.80 ,21912.00 ,1951533.00
2013/01/02,47.12 ,47.33 ,46.65 ,46.70 ,34036.00 ,3041397.00
2013/01/03,47.07 ,47.22 ,46.70 ,46.91 ,34793.00 ,3101809.00
2013/01/04,46.49 ,46.80 ,46.22 ,46.33 ,42728.00 ,3769046.00
2013/01/07,46.33 ,46.33 ,45.64 ,45.70 ,47071.00 ,4102092.00
2013/01/08,45.70 ,46.07 ,45.54 ,45.80 ,45101.00 ,3912879.00
2013/01/09,46.22 ,46.59 ,45.91 ,46.22 ,28602.00 ,2507702.00
2013/01/10,46.54 ,46.65 ,46.01 ,46.65 ,41036.00 ,3615244.00
2013/01/11,47.12 ,47.22 ,46.65 ,46.65 ,32874.00 ,2924359.00
2013/01/14,46.54 ,46.59 ,45.59 ,45.91 ,53523.00 ,4670892.00
2013/01/15,45.54 ,45.54 ,44.22 ,44.33 ,107685.00 ,9146454.00
2013/01/16,43.96 ,44.80 ,43.80 ,44.22 ,73553.00 ,6182769.00
2013/01/17,44.75 ,44.91 ,44.07 ,44.17 ,37829.00 ,3195480.00
2013/01/18,44.70 ,44.96 ,44.49 ,44.96 ,34719.00 ,2952895.00
2013/01/21,44.75 ,44.86 ,44.43 ,44.54 ,18847.00 ,1598546.00
2013/01/22,44.64 ,45.22 ,44.59 ,44.96 ,29648.00 ,2531739.00
2013/01/23,45.38 ,45.38 ,44.75 ,44.75 ,28727.00 ,2461490.00
2013/01/24,43.96 ,44.01 ,43.33 ,43.43 ,89893.00 ,7449398.00
2013/01/25,43.33 ,43.91 ,43.28 ,43.91 ,33994.00 ,2813581.00
2013/01/28,43.85 ,44.12 ,43.85 ,44.01 ,16705.00 ,1396216.00
2013/01/29,44.22 ,44.75 ,44.17 ,44.70 ,32156.00 ,2722376.00
2013/01/30,44.91 ,44.96 ,44.64 ,44.70 ,22082.00 ,1877911.00
2013/01/31,44.38 ,44.70 ,44.38 ,44.43 ,20701.00 ,1750467.00
2013/02/01,44.49 ,44.75 ,44.28 ,44.54 ,18029.00 ,1522920.00
2013/02/04,44.49 ,44.49 ,44.12 ,44.22 ,32168.00 ,2704801.00
2013/02/05,43.96 ,43.96 ,43.59 ,43.75 ,31376.00 ,2606554.00
2013/02/06,43.96 ,44.49 ,43.75 ,44.01 ,29124.00 ,2444270.00
2013/02/18,44.64 ,44.64 ,43.54 ,43.59 ,36760.00 ,3061462.00
2013/02/19,44.17 ,44.43 ,43.91 ,44.28 ,23674.00 ,1988516.00
2013/02/20,44.49 ,44.80 ,44.33 ,44.64 ,25091.00 ,2121990.00
2013/02/21,44.59 ,44.64 ,43.80 ,43.80 ,33445.00 ,2800151.00
2013/02/22,43.49 ,43.80 ,43.49 ,43.80 ,25031.00 ,2076457.00
2013/02/23,43.85 ,44.01 ,43.64 ,43.75 ,8771.00 ,729148.00
2013/02/25,43.80 ,43.96 ,43.59 ,43.59 ,16127.00 ,1339404.00
2013/02/26,43.33 ,43.49 ,43.01 ,43.01 ,40026.00 ,3286562.00
2013/02/27,43.38 ,43.43 ,43.01 ,43.01 ,31950.00 ,2619602.00
2013/03/01,43.01 ,43.54 ,42.70 ,42.96 ,39584.00 ,3233122.00
2013/03/04,42.96 ,43.07 ,42.28 ,42.38 ,37579.00 ,3038498.00
2013/03/05,42.64 ,42.70 ,41.96 ,42.12 ,48598.00 ,3899141.00
2013/03/06,42.38 ,42.80 ,42.01 ,42.38 ,63565.00 ,5120666.00
2013/03/07,42.43 ,42.91 ,42.22 ,42.33 ,37728.00 ,3044562.00
2013/03/08,42.64 ,42.80 ,42.38 ,42.38 ,32053.00 ,2590590.00
2013/03/11,42.38 ,42.54 ,42.01 ,42.38 ,24324.00 ,1953431.00
2013/03/12,42.12 ,42.75 ,42.12 ,42.38 ,25710.00 ,2071599.00
2013/03/13,42.38 ,42.64 ,42.12 ,42.12 ,29143.00 ,2340016.00
2013/03/14,42.38 ,42.75 ,42.17 ,42.38 ,22003.00 ,1775737.00
2013/03/15,42.70 ,42.91 ,42.49 ,42.49 ,38879.00 ,3151951.00
2013/03/18,42.64 ,43.28 ,42.64 ,42.91 ,33796.00 ,2758338.00
2013/03/19,43.22 ,44.07 ,43.07 ,43.80 ,53734.00 ,4446571.00
2013/03/20,43.96 ,43.96 ,43.17 ,43.22 ,32794.00 ,2712950.00
2013/03/21,43.80 ,43.80 ,43.22 ,43.22 ,24176.00 ,1997498.00
2013/03/22,43.59 ,44.17 ,43.49 ,43.64 ,42390.00 ,3533074.00
2013/03/25,43.96 ,44.07 ,43.38 ,43.38 ,24260.00 ,2015535.00
2013/03/26,44.33 ,44.33 ,43.96 ,43.96 ,49479.00 ,4149381.00
2013/03/27,44.28 ,44.38 ,43.85 ,43.96 ,34781.00 ,2914866.00
2013/03/28,44.12 ,44.12 ,43.49 ,43.54 ,30257.00 ,2507259.00
2013/03/29,43.96 ,43.96 ,43.59 ,43.85 ,16732.00 ,1390885.00
2013/04/01,43.85 ,43.85 ,43.54 ,43.59 ,11213.00 ,929466.00
2013/04/02,43.85 ,43.96 ,43.59 ,43.75 ,14784.00 ,1231458.00
2013/04/03,43.85 ,43.91 ,43.59 ,43.75 ,16366.00 ,1358826.00
2013/04/08,42.91 ,42.91 ,42.49 ,42.54 ,48114.00 ,3896972.00
2013/04/09,42.59 ,42.75 ,42.38 ,42.38 ,24630.00 ,1988558.00
2013/04/10,42.59 ,42.75 ,42.38 ,42.43 ,22651.00 ,1828207.00
2013/04/11,42.33 ,42.59 ,42.01 ,42.38 ,33809.00 ,2716568.00
2013/04/12,42.22 ,42.38 ,41.33 ,41.38 ,76774.00 ,6095114.00
2013/04/15,41.33 ,41.38 ,40.17 ,40.59 ,79900.00 ,6188513.00
2013/04/16,40.06 ,40.59 ,39.75 ,40.54 ,71759.00 ,5469759.00
2013/04/17,40.75 ,41.22 ,40.75 ,40.91 ,40939.00 ,3185366.00
2013/04/18,40.12 ,40.54 ,39.80 ,40.38 ,45482.00 ,3481584.00
2013/04/19,40.27 ,41.33 ,40.27 ,40.85 ,48406.00 ,3752697.00
2013/04/22,40.85 ,40.85 ,40.38 ,40.49 ,23582.00 ,1811742.00
2013/04/23,40.33 ,40.43 ,40.01 ,40.12 ,36916.00 ,2815677.00
2013/04/24,40.38 ,41.12 ,40.33 ,41.12 ,32487.00 ,2517346.00
2013/04/25,41.06 ,41.06 ,40.54 ,40.75 ,23202.00 ,1795716.00
2013/04/26,40.54 ,40.59 ,40.01 ,40.12 ,69682.00 ,5333745.00
2013/04/29,40.22 ,40.38 ,39.75 ,39.75 ,48336.00 ,3669265.00
2013/04/30,40.01 ,40.49 ,40.01 ,40.12 ,51469.00 ,3930301.00
2013/05/02,40.33 ,40.75 ,39.91 ,40.22 ,42073.00 ,3225698.00
2013/05/03,40.43 ,40.96 ,40.43 ,40.80 ,46752.00 ,3616848.00
2013/05/06,41.33 ,41.43 ,41.01 ,41.01 ,34762.00 ,2719120.00
2013/05/07,41.28 ,41.28 ,40.80 ,40.80 ,36552.00 ,2844381.00
2013/05/08,41.17 ,42.01 ,40.96 ,42.01 ,87759.00 ,6953323.00
2013/05/09,42.64 ,43.17 ,42.64 ,42.96 ,105446.00 ,8599002.00
2013/05/10,42.96 ,43.01 ,42.28 ,42.38 ,71981.00 ,5825829.00
2013/05/13,42.54 ,42.80 ,41.91 ,41.91 ,53746.00 ,4305885.00
2013/05/14,42.28 ,42.38 ,41.54 ,41.70 ,36812.00 ,2925496.00
2013/05/15,41.12 ,41.28 ,40.54 ,41.17 ,86817.00 ,6767151.00
2013/05/16,41.28 ,41.70 ,41.01 ,41.43 ,70007.00 ,5505434.00
2013/05/17,41.17 ,41.22 ,40.85 ,40.85 ,70901.00 ,5523897.00
2013/05/20,40.85 ,41.12 ,40.49 ,40.59 ,48427.00 ,3745222.00
2013/05/21,40.59 ,41.01 ,40.59 ,40.70 ,35952.00 ,2785387.00
2013/05/22,41.28 ,41.28 ,40.96 ,41.22 ,32199.00 ,2518178.00
2013/05/23,41.12 ,41.17 ,40.54 ,40.59 ,52288.00 ,4042623.00
2013/05/24,40.54 ,40.80 ,40.33 ,40.49 ,43153.00 ,3320919.00
2013/05/27,40.75 ,40.75 ,40.43 ,40.70 ,16786.00 ,1294961.00
2013/05/28,40.70 ,40.80 ,40.54 ,40.54 ,19820.00 ,1529675.00
2013/05/29,40.85 ,41.28 ,40.75 ,41.22 ,45533.00 ,3551188.00
2013/05/30,40.91 ,41.17 ,40.59 ,40.64 ,34705.00 ,2687408.00
2013/05/31,40.91 ,41.01 ,40.38 ,40.38 ,58211.00 ,4483819.00
2013/06/03,40.38 ,40.59 ,40.22 ,40.27 ,29465.00 ,2262680.00
2013/06/04,40.54 ,40.59 ,40.12 ,40.12 ,29483.00 ,2253548.00
2013/06/05,40.38 ,40.38 ,39.91 ,39.91 ,34050.00 ,2591986.00
2013/06/06,39.75 ,39.96 ,39.49 ,39.49 ,56318.00 ,4240166.00
2013/06/07,39.54 ,39.75 ,39.49 ,39.59 ,37958.00 ,2854128.00
2013/06/10,40.01 ,40.27 ,39.85 ,40.12 ,31731.00 ,2416026.00
2013/06/11,40.12 ,40.12 ,39.49 ,39.49 ,40318.00 ,3042866.00
2013/06/13,39.01 ,39.12 ,38.59 ,38.64 ,67581.00 ,4978089.00
2013/06/14,38.85 ,38.96 ,37.91 ,38.22 ,52408.00 ,3820333.00
2013/06/17,38.22 ,38.33 ,37.27 ,37.43 ,65859.00 ,4719618.00
2013/06/18,37.43 ,37.75 ,37.38 ,37.64 ,36134.00 ,2577736.00
2013/06/19,37.48 ,38.38 ,37.43 ,37.91 ,33578.00 ,2420790.00
2013/06/20,37.54 ,37.59 ,37.12 ,37.22 ,43376.00 ,3073141.00
2013/06/21,36.48 ,36.96 ,36.22 ,36.85 ,53954.00 ,3749867.00
2013/06/24,36.96 ,37.22 ,36.85 ,37.01 ,30252.00 ,2127835.00
2013/06/25,37.01 ,37.54 ,36.85 ,36.96 ,39994.00 ,2824241.00
2013/06/26,38.06 ,38.54 ,37.48 ,38.43 ,57275.00 ,4138658.00
2013/06/27,38.85 ,38.85 ,38.17 ,38.43 ,56448.00 ,4126380.00
2013/06/28,38.85 ,38.96 ,38.59 ,38.96 ,44375.00 ,3265094.00
2013/07/01,38.96 ,39.22 ,38.70 ,39.01 ,28664.00 ,2124797.00
2013/07/02,39.43 ,39.43 ,38.59 ,38.59 ,25108.00 ,1861614.00
2013/07/03,39.22 ,39.22 ,38.43 ,38.54 ,26867.00 ,1974216.00
2013/07/04,38.85 ,38.85 ,38.17 ,38.22 ,20039.00 ,1462805.00
2013/07/05,38.70 ,39.38 ,38.48 ,39.27 ,32516.00 ,2415482.00
2013/07/08,39.27 ,39.27 ,38.64 ,38.64 ,23807.00 ,1756014.00
2013/07/09,38.54 ,39.33 ,38.54 ,39.22 ,29857.00 ,2218310.00
2013/07/10,39.54 ,40.27 ,39.54 ,39.96 ,47903.00 ,3629523.00
2013/07/11,40.80 ,41.06 ,40.70 ,41.06 ,93454.00 ,7262264.00
2013/07/12,41.06 ,41.17 ,40.85 ,41.06 ,38454.00 ,2993729.00
2013/07/15,41.06 ,41.43 ,40.96 ,41.33 ,35932.00 ,2813787.00
2013/07/16,41.49 ,41.49 ,40.96 ,41.28 ,28494.00 ,2229212.00
2013/07/17,41.28 ,41.28 ,40.70 ,40.75 ,34840.00 ,2705172.00
2013/07/18,41.01 ,41.22 ,40.64 ,41.06 ,28679.00 ,2230786.00
2013/07/19,40.96 ,41.12 ,40.64 ,40.75 ,32966.00 ,2561046.00
2013/07/22,41.06 ,41.28 ,40.85 ,40.85 ,26960.00 ,2103385.00
2013/07/23,41.06 ,41.17 ,40.96 ,41.01 ,28888.00 ,2254106.00
2013/07/24,41.38 ,41.75 ,41.22 ,41.59 ,38705.00 ,3052573.00
2013/07/25,41.64 ,41.91 ,41.38 ,41.70 ,28693.00 ,2273118.00
2013/07/26,41.75 ,41.91 ,41.38 ,41.54 ,20026.00 ,1582269.00
2013/07/29,41.85 ,41.91 ,41.33 ,41.38 ,14632.00 ,1154130.00
2013/07/30,41.38 ,41.54 ,41.22 ,41.43 ,22474.00 ,1767592.00
2013/07/31,41.59 ,41.64 ,40.96 ,40.96 ,19564.00 ,1533270.00
2013/08/01,40.75 ,40.75 ,40.01 ,40.33 ,37424.00 ,2867976.00
2013/08/02,40.75 ,41.06 ,40.43 ,40.49 ,18668.00 ,1441885.00
2013/08/05,40.80 ,41.59 ,40.59 ,41.59 ,25649.00 ,2005837.00
2013/08/06,41.43 ,41.43 ,40.80 ,41.12 ,21175.00 ,1653053.00
2013/08/07,40.91 ,40.91 ,40.54 ,40.59 ,24919.00 ,1927527.00
2013/08/08,40.96 ,40.96 ,40.33 ,40.54 ,21364.00 ,1646764.00
2013/08/09,40.33 ,40.54 ,40.06 ,40.17 ,27739.00 ,2121110.00
2013/08/12,40.27 ,41.17 ,40.17 ,40.80 ,19311.00 ,1492851.00
2013/08/13,41.54 ,41.70 ,41.33 ,41.64 ,54733.00 ,4245138.00
2013/08/14,41.59 ,41.80 ,41.28 ,41.64 ,35905.00 ,2833097.00
2013/08/15,41.49 ,41.59 ,41.22 ,41.33 ,20707.00 ,1628976.00
2013/08/16,41.33 ,41.85 ,41.22 ,41.64 ,24539.00 ,1939892.00
2013/08/19,41.85 ,41.96 ,41.33 ,41.80 ,25803.00 ,2046353.00
2013/08/20,41.91 ,42.38 ,41.75 ,42.17 ,45534.00 ,3647259.00
2013/08/22,42.06 ,42.49 ,41.75 ,42.49 ,47777.00 ,3831313.00
2013/08/23,42.70 ,42.70 ,42.38 ,42.38 ,32784.00 ,2648243.00
2013/08/26,42.59 ,42.85 ,42.43 ,42.80 ,27153.00 ,2199879.00
2013/08/27,42.64 ,42.75 ,42.06 ,42.12 ,35578.00 ,2867032.00
2013/08/28,41.59 ,41.96 ,41.59 ,41.75 ,23494.00 ,1864422.00
2013/08/29,41.75 ,42.12 ,41.75 ,42.01 ,19886.00 ,1587316.00
2013/08/30,42.38 ,42.75 ,42.22 ,42.75 ,29928.00 ,2416107.00
2013/09/02,42.75 ,43.01 ,42.59 ,42.96 ,29038.00 ,2362905.00
2013/09/03,43.17 ,43.38 ,43.01 ,43.17 ,32251.00 ,2642917.00
2013/09/04,43.17 ,43.28 ,42.80 ,43.17 ,28672.00 ,2345209.00
2013/09/05,43.17 ,43.38 ,43.07 ,43.28 ,48098.00 ,3947760.00
2013/09/06,43.28 ,43.70 ,43.17 ,43.64 ,98098.00 ,8094782.00
2013/09/09,44.41 ,45.41 ,44.35 ,45.41 ,122441.00 ,9308347.00
2013/09/10,45.83 ,45.94 ,44.82 ,45.41 ,60453.00 ,4642617.00
2013/09/11,44.82 ,44.94 ,44.06 ,44.82 ,84977.00 ,6409731.00
2013/09/12,43.82 ,44.41 ,43.82 ,44.12 ,63478.00 ,4744596.00
2013/09/13,44.00 ,44.41 ,44.00 ,44.23 ,24616.00 ,1843272.00
2013/09/14,44.23 ,44.23 ,44.00 ,44.12 ,10857.00 ,812970.00
2013/09/16,44.41 ,44.82 ,44.41 ,44.82 ,34958.00 ,2650529.00
2013/09/17,44.59 ,44.82 ,44.53 ,44.76 ,23468.00 ,1777835.00
2013/09/18,44.76 ,45.00 ,44.71 ,44.76 ,27480.00 ,2087229.00
2013/09/23,44.94 ,45.06 ,44.76 ,44.94 ,31446.00 ,2396447.00
2013/09/24,45.30 ,45.53 ,45.12 ,45.35 ,26208.00 ,2013224.00
2013/09/25,45.24 ,45.30 ,45.06 ,45.30 ,21693.00 ,1663181.00
2013/09/26,45.41 ,45.41 ,44.71 ,44.71 ,24126.00 ,1834546.00
2013/09/27,44.82 ,45.06 ,44.65 ,45.00 ,20931.00 ,1592205.00
2013/09/30,44.71 ,44.82 ,44.35 ,44.76 ,24620.00 ,1862553.00
2013/10/01,44.94 ,45.00 ,44.47 ,44.53 ,14176.00 ,1073048.00
2013/10/02,44.53 ,44.76 ,44.23 ,44.23 ,24033.00 ,1806178.00
2013/10/03,44.23 ,44.88 ,44.23 ,44.82 ,30474.00 ,2308994.00
2013/10/04,44.53 ,44.82 ,44.41 ,44.76 ,17056.00 ,1290024.00
2013/10/07,44.76 ,44.76 ,44.29 ,44.35 ,21640.00 ,1628910.00
2013/10/08,44.35 ,44.71 ,44.23 ,44.71 ,21171.00 ,1595984.00
2013/10/09,44.65 ,44.71 ,44.41 ,44.41 ,14911.00 ,1125967.00
2013/10/11,45.30 ,45.30 ,44.47 ,44.47 ,38408.00 ,2924351.00
2013/10/14,44.47 ,44.53 ,43.64 ,43.64 ,44245.00 ,3295596.00
2013/10/15,43.76 ,43.94 ,43.17 ,43.53 ,45361.00 ,3351227.00
2013/10/16,43.47 ,43.76 ,43.35 ,43.35 ,23699.00 ,1746879.00
2013/10/17,43.41 ,43.59 ,43.00 ,43.47 ,41756.00 ,3062474.00
2013/10/18,43.88 ,44.23 ,43.70 ,44.23 ,24043.00 ,1791421.00
2013/10/21,44.53 ,44.53 ,44.23 ,44.29 ,20253.00 ,1522622.00
2013/10/22,44.29 ,44.53 ,44.06 ,44.53 ,18213.00 ,1367974.00
2013/10/23,44.71 ,45.00 ,44.41 ,44.41 ,23622.00 ,1788986.00
2013/10/24,44.41 ,44.71 ,44.41 ,44.71 ,16000.00 ,1209130.00
2013/10/25,44.71 ,44.82 ,44.35 ,44.35 ,26304.00 ,1953976.00
2013/10/28,44.35 ,44.41 ,44.00 ,44.23 ,20185.00 ,1513591.00
2013/10/29,44.00 ,44.23 ,43.59 ,43.64 ,48401.00 ,3597852.00
2013/10/30,43.64 ,44.23 ,43.64 ,44.23 ,21576.00 ,1607883.00
2013/10/31,44.23 ,44.65 ,43.88 ,43.94 ,34958.00 ,2620045.00
2013/11/01,44.23 ,44.29 ,43.70 ,43.88 ,22178.00 ,1656112.00
2013/11/04,43.70 ,43.70 ,43.23 ,43.64 ,29868.00 ,2202525.00
2013/11/05,44.12 ,44.47 ,43.41 ,43.41 ,23223.00 ,1725268.00
2013/11/06,43.41 ,43.94 ,43.41 ,43.88 ,19521.00 ,1447821.00
2013/11/07,43.94 ,44.12 ,43.64 ,43.94 ,14870.00 ,1105146.00
2013/11/08,43.64 ,43.94 ,43.53 ,43.59 ,18147.00 ,1343371.00
2013/11/11,44.00 ,44.41 ,43.88 ,44.17 ,34242.00 ,2560769.00
2013/11/12,44.23 ,44.35 ,43.82 ,43.94 ,24248.00 ,1811316.00
2013/11/13,43.76 ,44.06 ,43.64 ,43.88 ,25289.00 ,1881833.00
2013/11/14,44.59 ,44.76 ,44.35 ,44.47 ,53310.00 ,4029433.00
2013/11/15,44.65 ,44.82 ,44.41 ,44.41 ,22935.00 ,1733278.00
2013/11/18,44.59 ,44.71 ,44.41 ,44.59 ,22626.00 ,1710085.00
2013/11/19,44.71 ,44.76 ,44.53 ,44.71 ,25295.00 ,1914867.00
2013/11/20,44.82 ,44.82 ,44.29 ,44.71 ,23498.00 ,1776593.00
2013/11/21,44.59 ,44.59 ,44.12 ,44.23 ,36596.00 ,2751529.00
2013/11/22,44.41 ,44.65 ,44.00 ,44.00 ,29482.00 ,2213286.00
2013/11/25,44.23 ,44.59 ,44.23 ,44.29 ,26526.00 ,1999758.00
2013/11/26,44.47 ,44.65 ,44.29 ,44.53 ,28144.00 ,2124404.00
2013/11/27,44.71 ,44.71 ,44.41 ,44.47 ,20046.00 ,1513363.00
2013/11/28,44.71 ,44.82 ,44.65 ,44.76 ,24416.00 ,1851420.00
2013/11/29,44.82 ,46.24 ,44.82 ,46.00 ,98726.00 ,7648856.00
2013/12/02,46.48 ,46.77 ,46.12 ,46.12 ,42652.00 ,3351866.00
2013/12/03,46.18 ,46.30 ,45.89 ,46.06 ,28398.00 ,2219509.00
2013/12/04,46.30 ,46.83 ,46.12 ,46.59 ,43712.00 ,3450601.00
2013/12/05,46.59 ,46.77 ,46.18 ,46.24 ,36628.00 ,2882048.00
2013/12/06,46.24 ,46.71 ,46.24 ,46.30 ,47683.00 ,3762569.00
2013/12/09,46.77 ,47.06 ,46.59 ,46.95 ,45601.00 ,3624158.00
2013/12/10,46.95 ,47.12 ,46.77 ,47.12 ,35205.00 ,2803869.00
2013/12/11,47.42 ,47.60 ,46.12 ,46.12 ,83245.00 ,6593927.00
2013/12/12,46.12 ,46.53 ,45.77 ,46.30 ,34048.00 ,2667048.00
2013/12/13,46.59 ,46.59 ,46.12 ,46.30 ,25853.00 ,2029272.00
2013/12/16,46.18 ,46.24 ,45.77 ,45.77 ,24382.00 ,1900938.00
2013/12/17,46.36 ,46.42 ,46.06 ,46.06 ,17411.00 ,1363143.00
2013/12/18,46.36 ,46.59 ,46.30 ,46.53 ,30835.00 ,2427286.00
2013/12/19,46.89 ,46.95 ,46.53 ,46.77 ,22684.00 ,1796410.00
2013/12/20,46.71 ,46.71 ,46.48 ,46.59 ,21589.00 ,1705546.00
2013/12/23,46.89 ,46.89 ,46.48 ,46.59 ,18077.00 ,1430570.00
2013/12/24,46.89 ,46.89 ,46.65 ,46.65 ,16055.00 ,1273517.00
2013/12/25,46.59 ,46.83 ,46.59 ,46.59 ,13756.00 ,1088439.00
2013/12/26,46.59 ,46.83 ,46.48 ,46.77 ,14766.00 ,1167090.00
2013/12/27,46.77 ,47.18 ,46.65 ,47.12 ,35712.00 ,2848916.00
2013/12/30,47.18 ,47.42 ,47.18 ,47.36 ,29028.00 ,2327214.00
2013/12/31,47.36 ,47.48 ,47.12 ,47.24 ,23924.00 ,1916980.00
2014/01/02,47.36 ,47.48 ,47.06 ,47.42 ,23729.00 ,1901260.00
2014/01/03,46.83 ,47.12 ,46.77 ,46.83 ,38951.00 ,3098420.00
2014/01/06,46.89 ,47.01 ,46.53 ,46.59 ,19895.00 ,1574475.00
2014/01/07,46.83 ,46.95 ,46.53 ,46.59 ,22331.00 ,1760184.00
2014/01/08,46.89 ,47.06 ,46.71 ,46.89 ,25300.00 ,2010142.00
2014/01/09,46.71 ,47.83 ,46.65 ,47.48 ,68233.00 ,5489670.00
2014/01/10,47.77 ,48.07 ,47.71 ,47.89 ,53668.00 ,4356804.00
2014/01/13,48.36 ,48.42 ,48.07 ,48.24 ,53353.00 ,4363088.00
2014/01/14,48.24 ,48.54 ,48.01 ,48.54 ,58129.00 ,4769069.00
2014/01/15,48.83 ,49.13 ,48.72 ,49.13 ,87679.00 ,7279598.00
2014/01/16,49.54 ,49.72 ,49.37 ,49.48 ,64659.00 ,5428334.00
2014/01/17,49.66 ,49.66 ,49.01 ,49.42 ,46239.00 ,3868707.00
2014/01/20,49.42 ,50.25 ,49.31 ,50.25 ,64454.00 ,5452968.00
2014/01/21,50.43 ,50.66 ,49.72 ,49.84 ,46871.00 ,3984942.00
2014/01/22,49.84 ,50.07 ,49.42 ,49.66 ,38961.00 ,3280255.00
2014/01/23,49.60 ,49.84 ,49.37 ,49.48 ,34093.00 ,2863110.00
2014/01/24,49.37 ,50.25 ,49.37 ,50.13 ,56370.00 ,4780323.00
2014/01/27,49.95 ,50.37 ,49.48 ,50.07 ,68026.00 ,5764367.00
2014/02/05,48.54 ,48.54 ,47.77 ,47.95 ,111655.00 ,9107498.00
2014/02/06,47.95 ,48.30 ,47.77 ,48.30 ,48581.00 ,3957253.00
2014/02/07,48.78 ,48.78 ,48.01 ,48.01 ,34759.00 ,2846073.00
2014/02/10,48.07 ,48.48 ,48.07 ,48.19 ,33025.00 ,2705536.00
2014/02/11,47.83 ,47.83 ,47.36 ,47.42 ,47103.00 ,3794755.00
2014/02/12,47.71 ,48.60 ,47.71 ,48.54 ,39422.00 ,3223004.00
2014/02/13,48.66 ,49.07 ,48.36 ,48.78 ,35924.00 ,2969556.00
2014/02/14,49.31 ,49.54 ,49.07 ,49.25 ,46368.00 ,3881074.00
2014/02/17,49.66 ,49.72 ,49.19 ,49.25 ,20973.00 ,1754910.00
2014/02/18,49.25 ,49.42 ,49.01 ,49.42 ,15465.00 ,1290250.00
2014/02/19,49.54 ,49.54 ,49.37 ,49.54 ,25317.00 ,2124572.00
2014/02/20,49.37 ,49.37 ,48.83 ,48.83 ,22828.00 ,1898532.00
2014/02/21,49.25 ,49.48 ,48.83 ,49.37 ,28062.00 ,2335084.00
2014/02/24,49.31 ,49.37 ,48.72 ,48.78 ,19740.00 ,1638321.00
2014/02/25,48.95 ,49.19 ,48.78 ,48.83 ,23666.00 ,1964587.00
2014/02/26,48.83 ,49.42 ,48.83 ,49.31 ,27033.00 ,2255672.00
2014/02/27,49.31 ,49.66 ,49.31 ,49.54 ,35598.00 ,2987759.00
2014/03/03,49.42 ,49.42 ,48.60 ,49.01 ,36846.00 ,3061763.00
2014/03/04,48.83 ,49.25 ,48.78 ,48.83 ,17594.00 ,1459318.00
2014/03/05,49.19 ,49.37 ,48.89 ,48.95 ,16419.00 ,1367018.00
2014/03/06,49.37 ,49.84 ,49.25 ,49.78 ,42000.00 ,3531023.00
2014/03/07,50.01 ,50.25 ,49.72 ,49.95 ,48050.00 ,4075996.00
2014/03/10,49.84 ,50.25 ,49.48 ,49.90 ,23012.00 ,1946028.00
2014/03/11,49.90 ,50.01 ,49.66 ,49.66 ,21245.00 ,1792273.00
2014/03/12,49.66 ,49.95 ,49.48 ,49.95 ,19561.00 ,1650319.00
2014/03/13,50.13 ,51.19 ,50.13 ,50.78 ,81472.00 ,7020006.00
2014/03/14,50.25 ,50.84 ,50.25 ,50.43 ,29885.00 ,2562220.00
2014/03/17,50.54 ,51.13 ,50.37 ,51.13 ,33086.00 ,2856801.00
2014/03/18,51.13 ,51.31 ,50.66 ,50.72 ,32646.00 ,2820179.00
2014/03/19,50.66 ,50.84 ,50.25 ,50.31 ,26121.00 ,2234645.00
2014/03/20,50.01 ,50.01 ,49.54 ,49.78 ,37011.00 ,3124471.00
2014/03/21,50.19 ,50.25 ,49.90 ,49.95 ,24179.00 ,2051981.00
2014/03/24,49.78 ,50.72 ,49.78 ,50.72 ,32384.00 ,2761093.00
2014/03/25,50.72 ,50.96 ,50.54 ,50.54 ,19542.00 ,1680759.00
2014/03/26,51.02 ,51.02 ,50.60 ,50.72 ,23668.00 ,2039155.00
2014/03/27,51.02 ,51.08 ,50.72 ,50.90 ,21225.00 ,1831722.00
2014/03/28,50.90 ,50.96 ,50.66 ,50.90 ,23642.00 ,2015151.00
2014/03/31,50.84 ,50.90 ,50.37 ,50.90 ,33634.00 ,2888641.00
2014/04/01,51.02 ,51.02 ,50.60 ,50.84 ,25590.00 ,2202895.00
2014/04/02,51.02 ,51.02 ,50.60 ,50.84 ,28199.00 ,2428950.00
2014/04/03,50.90 ,51.02 ,50.72 ,50.84 ,18367.00 ,1584031.00
2014/04/07,50.78 ,50.90 ,50.49 ,50.90 ,24269.00 ,2085774.00
2014/04/08,50.90 ,51.08 ,50.72 ,50.96 ,16749.00 ,1445475.00
2014/04/09,51.02 ,51.08 ,50.90 ,51.02 ,15599.00 ,1348509.00
2014/04/10,51.19 ,51.25 ,50.54 ,51.19 ,21900.00 ,1894149.00
2014/04/11,50.96 ,50.96 ,50.54 ,50.78 ,24805.00 ,2132132.00
2014/04/14,50.72 ,51.19 ,50.43 ,51.08 ,34153.00 ,2950559.00
2014/04/15,51.31 ,51.90 ,51.25 ,51.43 ,51107.00 ,4476551.00
2014/04/16,51.61 ,51.90 ,51.31 ,51.61 ,34695.00 ,3036369.00
2014/04/17,51.90 ,51.90 ,51.67 ,51.84 ,24678.00 ,2168567.00
2014/04/18,52.14 ,52.14 ,51.78 ,51.90 ,14959.00 ,1317810.00
2014/04/21,51.78 ,52.08 ,51.72 ,51.84 ,7960.00 ,699704.00
2014/04/22,51.61 ,51.96 ,51.61 ,51.78 ,13808.00 ,1213707.00
2014/04/23,52.20 ,52.37 ,52.08 ,52.25 ,25605.00 ,2266372.00
2014/04/24,52.49 ,52.49 ,52.02 ,52.25 ,25404.00 ,2250503.00
2014/04/25,52.25 ,52.37 ,50.78 ,51.31 ,44971.00 ,3926678.00
2014/04/28,50.19 ,51.25 ,50.19 ,50.96 ,26317.00 ,2267693.00
2014/04/29,51.31 ,51.84 ,51.13 ,51.78 ,20817.00 ,1822573.00
2014/04/30,51.72 ,51.72 ,51.02 ,51.08 ,25058.00 ,2176611.00
2014/05/02,51.49 ,52.37 ,51.31 ,52.37 ,38908.00 ,3428817.00
2014/05/05,52.43 ,52.49 ,52.02 ,52.31 ,19217.00 ,1704702.00
2014/05/06,52.49 ,52.79 ,52.20 ,52.49 ,16951.00 ,1509852.00
2014/05/07,52.67 ,52.67 ,52.20 ,52.37 ,19282.00 ,1712846.00
2014/05/08,52.84 ,52.84 ,52.37 ,52.55 ,16611.00 ,1482223.00
2014/05/09,52.79 ,52.79 ,52.14 ,52.73 ,20240.00 ,1805267.00
2014/05/12,52.73 ,52.73 ,51.72 ,51.72 ,29137.00 ,2570990.00
2014/05/13,52.20 ,52.20 ,51.72 ,51.84 ,13182.00 ,1160367.00
2014/05/14,52.08 ,52.20 ,51.67 ,52.02 ,23427.00 ,2059937.00
2014/05/15,52.20 ,52.25 ,51.90 ,52.25 ,24069.00 ,2125770.00
2014/05/16,52.25 ,52.43 ,52.02 ,52.37 ,17215.00 ,1525988.00
2014/05/19,52.49 ,52.96 ,52.43 ,52.96 ,23166.00 ,2070465.00
2014/05/20,53.08 ,53.55 ,52.90 ,53.43 ,42815.00 ,3862607.00
2014/05/21,53.43 ,53.61 ,53.08 ,53.08 ,19557.00 ,1768454.00
2014/05/22,53.32 ,54.44 ,53.26 ,54.26 ,39686.00 ,3631593.00
2014/05/23,54.20 ,55.14 ,54.20 ,54.85 ,37498.00 ,3481728.00
2014/05/26,55.14 ,55.20 ,54.56 ,54.56 ,19310.00 ,1797042.00
2014/05/27,54.61 ,54.73 ,54.08 ,54.73 ,23096.00 ,2131171.00
2014/05/28,54.85 ,55.32 ,54.73 ,55.09 ,27652.00 ,2582013.00
2014/05/29,55.38 ,55.38 ,54.61 ,55.14 ,23415.00 ,2185991.00
2014/05/30,55.38 ,55.38 ,54.50 ,54.50 ,33439.00 ,3106900.00
2014/06/03,54.97 ,55.38 ,54.56 ,54.85 ,23163.00 ,2154991.00
2014/06/04,55.32 ,55.32 ,54.85 ,54.91 ,15279.00 ,1426651.00
2014/06/05,55.09 ,55.14 ,54.56 ,54.79 ,18488.00 ,1717207.00
2014/06/06,55.14 ,55.14 ,54.91 ,54.97 ,15396.00 ,1436029.00
2014/06/09,55.03 ,55.14 ,54.91 ,55.14 ,12547.00 ,1170781.00
2014/06/10,55.20 ,55.50 ,55.14 ,55.50 ,19022.00 ,1783895.00
2014/06/11,55.14 ,55.32 ,54.91 ,55.32 ,15659.00 ,1465228.00
2014/06/12,55.09 ,55.26 ,54.97 ,55.09 ,13873.00 ,1294791.00
2014/06/13,55.09 ,55.09 ,54.91 ,54.97 ,11999.00 ,1119170.00
2014/06/16,54.97 ,55.03 ,54.67 ,54.67 ,17308.00 ,1608492.00
2014/06/17,54.85 ,55.62 ,54.56 ,55.44 ,27841.00 ,2607766.00
2014/06/18,55.44 ,55.68 ,55.03 ,55.50 ,26152.00 ,2457880.00
2014/06/19,55.56 ,55.68 ,55.38 ,55.38 ,16684.00 ,1569873.00
2014/06/20,55.68 ,55.97 ,55.56 ,55.62 ,17932.00 ,1695774.00
2014/06/23,55.91 ,58.15 ,55.91 ,57.56 ,69092.00 ,6717275.00
2014/06/24,57.80 ,58.21 ,57.50 ,57.92 ,41670.00 ,4096123.00
2014/06/25,57.92 ,58.09 ,56.91 ,56.91 ,28980.00 ,2820949.00
2014/06/26,57.80 ,58.27 ,57.74 ,58.09 ,31988.00 ,3146687.00
2014/06/27,58.33 ,58.39 ,58.03 ,58.15 ,29006.00 ,2862993.00
2014/06/30,58.39 ,58.98 ,58.33 ,58.98 ,41135.00 ,4108096.00
2014/07/01,59.27 ,60.16 ,58.98 ,60.16 ,36524.00 ,3702379.00
2014/07/02,60.45 ,61.93 ,60.16 ,60.75 ,57731.00 ,5979386.00
2014/07/03,61.04 ,61.63 ,60.75 ,61.34 ,31242.00 ,3246846.00
2014/07/04,61.63 ,61.63 ,60.45 ,60.75 ,24537.00 ,2528478.00
2014/07/07,60.16 ,61.04 ,59.86 ,61.04 ,26119.00 ,2673251.00
2014/07/08,61.34 ,61.63 ,61.04 ,61.63 ,21969.00 ,2288147.00
2014/07/09,61.34 ,61.93 ,61.04 ,61.93 ,24427.00 ,2548518.00
2014/07/10,61.93 ,63.99 ,61.93 ,63.99 ,51473.00 ,5516788.00
2014/07/11,64.29 ,66.06 ,63.70 ,64.29 ,69080.00 ,7591591.00
2014/07/14,64.29 ,66.65 ,64.29 ,64.88 ,66688.00 ,7424264.00
2014/07/15,65.17 ,65.76 ,64.29 ,65.47 ,50007.00 ,5536747.00
2014/07/16,65.47 ,65.47 ,63.11 ,63.40 ,42722.00 ,4631037.00
2014/07/17,63.11 ,63.70 ,61.93 ,62.81 ,43816.00 ,4669490.00
2014/07/18,61.63 ,63.40 ,61.63 ,63.40 ,28216.00 ,3003563.00
2014/07/21,64.29 ,65.17 ,63.99 ,65.17 ,31307.00 ,3434842.00
2014/07/22,65.17 ,65.17 ,63.40 ,64.88 ,25372.00 ,2774100.00
2014/07/24,65.47 ,66.06 ,63.99 ,65.17 ,33521.00 ,3687932.00
2014/07/25,64.58 ,65.17 ,63.11 ,63.70 ,25472.00 ,2760929.00
2014/07/28,63.11 ,63.70 ,61.93 ,61.93 ,37840.00 ,4019900.00
2014/07/29,62.52 ,63.11 ,60.16 ,61.93 ,49762.00 ,5200645.00
2014/07/30,62.52 ,63.11 ,61.63 ,61.63 ,31370.00 ,3311576.00
2014/07/31,61.63 ,61.93 ,60.45 ,61.04 ,29623.00 ,3065858.00
2014/08/01,59.57 ,60.45 ,59.27 ,60.16 ,32762.00 ,3328501.00
2014/08/04,60.16 ,62.22 ,60.16 ,62.22 ,22866.00 ,2382769.00
2014/08/05,61.93 ,61.93 ,60.16 ,60.16 ,31938.00 ,3289409.00
2014/08/06,60.16 ,61.04 ,59.57 ,61.04 ,24413.00 ,2489656.00
2014/08/07,61.63 ,61.63 ,60.45 ,61.04 ,15553.00 ,1608117.00
2014/08/08,61.04 ,61.04 ,59.86 ,60.45 ,19775.00 ,2023188.00
2014/08/11,59.57 ,61.93 ,59.27 ,61.34 ,35057.00 ,3628142.00
2014/08/12,61.34 ,62.22 ,61.04 ,61.63 ,22237.00 ,2323959.00
2014/08/13,61.63 ,62.81 ,61.63 ,62.52 ,26383.00 ,2785039.00
2014/08/14,64.58 ,65.47 ,63.70 ,64.29 ,38756.00 ,4233730.00
2014/08/15,64.29 ,64.58 ,63.11 ,63.40 ,28562.00 ,3084993.00
2014/08/18,63.70 ,63.99 ,63.40 ,63.40 ,18848.00 ,2034198.00
2014/08/19,63.99 ,64.58 ,63.40 ,63.99 ,21745.00 ,2358507.00
2014/08/20,64.58 ,64.58 ,63.11 ,63.99 ,27207.00 ,2947256.00
2014/08/21,63.99 ,63.99 ,63.40 ,63.99 ,15557.00 ,1679247.00
2014/08/22,64.29 ,64.88 ,63.99 ,64.88 ,35790.00 ,3917280.00
2014/08/25,64.88 ,65.47 ,64.58 ,65.17 ,25906.00 ,2857457.00
2014/08/26,65.17 ,65.47 ,64.58 ,64.88 ,40265.00 ,4437665.00
2014/08/27,64.88 ,66.06 ,64.88 ,66.06 ,87045.00 ,9645455.00
2014/08/28,67.47 ,69.82 ,67.47 ,68.48 ,105054.00 ,10665723.00
2014/08/29,68.48 ,69.15 ,67.81 ,68.48 ,40542.00 ,4143317.00
2014/09/01,69.15 ,69.49 ,68.14 ,68.14 ,29167.00 ,2981606.00
2014/09/02,68.14 ,68.48 ,67.47 ,67.47 ,22070.00 ,2224518.00
2014/09/03,67.81 ,68.14 ,67.14 ,67.81 ,29980.00 ,3018001.00
2014/09/04,67.47 ,67.47 ,66.80 ,67.07 ,42401.00 ,4236314.00
2014/09/05,66.80 ,67.47 ,66.20 ,67.47 ,37775.00 ,3748492.00
2014/09/09,67.81 ,68.48 ,67.47 ,68.48 ,25181.00 ,2555509.00
2014/09/10,67.81 ,68.14 ,66.87 ,67.81 ,30085.00 ,3014019.00
2014/09/11,67.47 ,68.14 ,67.14 ,67.14 ,18011.00 ,1813170.00
2014/09/12,67.47 ,67.47 ,66.53 ,66.73 ,23455.00 ,2336216.00
2014/09/15,66.73 ,67.81 ,66.60 ,67.81 ,17076.00 ,1712020.00
2014/09/16,67.81 ,67.81 ,66.80 ,66.80 ,15858.00 ,1584511.00
2014/09/17,67.14 ,68.14 ,67.14 ,67.81 ,27850.00 ,2805901.00
2014/09/18,67.47 ,68.48 ,67.47 ,68.48 ,22083.00 ,2234961.00
2014/09/19,68.82 ,69.15 ,67.81 ,67.81 ,32404.00 ,3299128.00
2014/09/22,67.47 ,67.47 ,66.87 ,67.47 ,24844.00 ,2485931.00
2014/09/23,67.47 ,67.81 ,67.00 ,67.47 ,16015.00 ,1609598.00
2014/09/24,67.14 ,67.81 ,67.14 ,67.47 ,16931.00 ,1700368.00
2014/09/25,67.81 ,68.82 ,66.87 ,67.14 ,35162.00 ,3540846.00
2014/09/26,66.47 ,66.47 ,65.19 ,65.19 ,58713.00 ,5757669.00
2014/09/29,65.66 ,65.93 ,65.19 ,65.53 ,38784.00 ,3784605.00
2014/09/30,65.46 ,65.46 ,63.65 ,64.45 ,53444.00 ,5127052.00
2014/10/01,64.79 ,66.20 ,64.12 ,66.06 ,30242.00 ,2950421.00
2014/10/02,65.66 ,66.06 ,65.19 ,65.46 ,23725.00 ,2317105.00
2014/10/03,65.79 ,66.94 ,65.73 ,66.67 ,24011.00 ,2373444.00
2014/10/06,66.94 ,66.94 ,66.13 ,66.13 ,22887.00 ,2267353.00
2014/10/07,66.20 ,66.47 ,65.12 ,65.53 ,27137.00 ,2656171.00
2014/10/08,64.79 ,65.53 ,64.79 ,64.92 ,22228.00 ,2156700.00
2014/10/09,65.93 ,66.00 ,64.92 ,65.53 ,27512.00 ,2678573.00
2014/10/13,63.78 ,64.92 ,63.78 ,64.32 ,35801.00 ,3433751.00
2014/10/14,64.18 ,64.52 ,63.78 ,64.45 ,32867.00 ,3140054.00
2014/10/15,64.12 ,64.25 ,62.03 ,62.77 ,90024.00 ,8418293.00
2014/10/16,62.44 ,62.71 ,60.83 ,61.90 ,52554.00 ,4839297.00
2014/10/17,62.10 ,62.30 ,59.75 ,59.75 ,66228.00 ,6000843.00
2014/10/20,61.09 ,62.71 ,60.96 ,62.57 ,34994.00 ,3219734.00
2014/10/21,63.11 ,63.51 ,62.44 ,62.77 ,36618.00 ,3435115.00
2014/10/22,63.78 ,64.12 ,63.11 ,63.11 ,33940.00 ,3219853.00
2014/10/23,63.78 ,63.78 ,63.24 ,63.78 ,22871.00 ,2169256.00
2014/10/24,63.78 ,63.98 ,62.50 ,62.57 ,22843.00 ,2145300.00
2014/10/27,62.77 ,63.44 ,62.64 ,63.11 ,20843.00 ,1958084.00
2014/10/28,63.78 ,64.32 ,63.78 ,64.12 ,32009.00 ,3055012.00
2014/10/29,64.45 ,64.59 ,63.65 ,63.78 ,28653.00 ,2734729.00
2014/10/30,63.78 ,64.12 ,63.58 ,63.91 ,15900.00 ,1512971.00
2014/10/31,64.05 ,64.59 ,63.78 ,64.45 ,28039.00 ,2685313.00
2014/11/03,65.12 ,66.26 ,64.79 ,65.86 ,38018.00 ,3718607.00
2014/11/04,66.26 ,66.26 ,65.39 ,65.46 ,19243.00 ,1884548.00
2014/11/05,66.13 ,66.13 ,65.39 ,65.93 ,16066.00 ,1571748.00
2014/11/06,65.26 ,65.73 ,64.32 ,64.38 ,26712.00 ,2582984.00
2014/11/07,63.91 ,64.79 ,63.85 ,64.65 ,18107.00 ,1737719.00
2014/11/10,63.91 ,66.06 ,63.91 ,66.00 ,35347.00 ,3453974.00
2014/11/11,66.20 ,66.20 ,65.46 ,65.59 ,22857.00 ,2241369.00
2014/11/12,65.86 ,66.47 ,64.32 ,64.45 ,39099.00 ,3802307.00
2014/11/13,64.79 ,65.79 ,64.59 ,65.79 ,24882.00 ,2417828.00
2014/11/14,65.79 ,65.86 ,64.79 ,64.99 ,35431.00 ,3437565.00
2014/11/17,65.12 ,65.66 ,64.18 ,64.18 ,36525.00 ,3520109.00
2014/11/18,64.18 ,64.85 ,63.78 ,64.12 ,25656.00 ,2452265.00
2014/11/19,64.52 ,65.12 ,64.18 ,64.45 ,39046.00 ,3762441.00
2014/11/20,64.59 ,65.12 ,64.59 ,64.92 ,28687.00 ,2773298.00
2014/11/21,65.39 ,65.46 ,64.59 ,64.65 ,29685.00 ,2867864.00
2014/11/24,64.99 ,65.06 ,64.65 ,64.79 ,19076.00 ,1842259.00
2014/11/25,64.79 ,65.06 ,64.52 ,64.72 ,30621.00 ,2954517.00
2014/11/26,64.79 ,65.79 ,64.79 ,65.32 ,30379.00 ,2955521.00
2014/11/27,65.32 ,65.73 ,65.19 ,65.19 ,27354.00 ,2667160.00
2014/11/28,65.19 ,65.46 ,65.06 ,65.12 ,28772.00 ,2797863.00
2014/12/01,62.71 ,64.79 ,62.64 ,63.98 ,40761.00 ,3879803.00
2014/12/02,63.44 ,63.65 ,62.17 ,62.24 ,59392.00 ,5544444.00
2014/12/03,62.44 ,63.44 ,62.17 ,63.44 ,37110.00 ,3486336.00
2014/12/04,63.44 ,64.12 ,63.11 ,63.98 ,23577.00 ,2240668.00
2014/12/05,63.65 ,63.65 ,62.44 ,62.57 ,49874.00 ,4662408.00
2014/12/08,62.71 ,62.97 ,61.50 ,61.70 ,49688.00 ,4597313.00
2014/12/09,60.83 ,61.43 ,60.36 ,60.42 ,80669.00 ,7294272.00
2014/12/10,60.36 ,60.76 ,59.95 ,60.15 ,54931.00 ,4930686.00
2014/12/11,60.42 ,61.03 ,60.29 ,60.36 ,55381.00 ,5003743.00
2014/12/12,60.42 ,60.83 ,60.15 ,60.15 ,42084.00 ,3784453.00
2014/12/15,59.68 ,59.82 ,58.88 ,58.88 ,57087.00 ,5025585.00
2014/12/16,58.27 ,58.88 ,57.74 ,57.74 ,86614.00 ,7493032.00
2014/12/17,57.74 ,57.74 ,56.60 ,56.60 ,103209.00 ,8752252.00
2014/12/18,57.27 ,57.87 ,56.80 ,56.93 ,53316.00 ,4544844.00
2014/12/19,57.87 ,58.01 ,57.20 ,57.47 ,46480.00 ,3991019.00
2014/12/22,58.07 ,59.08 ,57.87 ,59.08 ,44242.00 ,3864931.00
2014/12/23,59.08 ,59.15 ,58.48 ,58.61 ,20503.00 ,1792734.00
2014/12/24,58.48 ,59.01 ,58.48 ,58.95 ,18032.00 ,1580294.00
2014/12/25,58.95 ,59.08 ,58.74 ,58.95 ,11468.00 ,1006910.00
2014/12/26,58.95 ,59.08 ,58.74 ,59.08 ,12827.00 ,1126097.00
2014/12/27,59.28 ,59.42 ,59.08 ,59.35 ,8731.00 ,770701.00
2014/12/29,59.21 ,59.42 ,58.81 ,58.95 ,27757.00 ,2445058.00
2014/12/30,59.08 ,59.35 ,58.95 ,58.95 ,20288.00 ,1786894.00
2014/12/31,58.95 ,59.08 ,58.54 ,59.01 ,17386.00 ,1522746.00
2015/01/05,58.95 ,58.95 ,58.34 ,58.54 ,25369.00 ,2210737.00
2015/01/06,57.74 ,57.74 ,56.73 ,56.73 ,65967.00 ,5611395.00
2015/01/07,56.60 ,57.60 ,56.60 ,57.20 ,33872.00 ,2884075.00
2015/01/08,57.67 ,58.41 ,57.54 ,58.34 ,31001.00 ,2683506.00
2015/01/09,58.61 ,58.95 ,58.07 ,58.07 ,22801.00 ,1984878.00
2015/01/12,58.07 ,58.54 ,57.54 ,57.54 ,23027.00 ,1986395.00
2015/01/13,57.07 ,57.94 ,57.07 ,57.94 ,26434.00 ,2268498.00
2015/01/14,58.07 ,58.07 ,57.20 ,57.27 ,22512.00 ,1927952.00
2015/01/15,57.27 ,57.54 ,56.86 ,56.93 ,32395.00 ,2755105.00
2015/01/16,56.93 ,57.00 ,56.39 ,56.46 ,41931.00 ,3535425.00
2015/01/19,56.53 ,57.00 ,55.72 ,56.19 ,30077.00 ,2526370.00
2015/01/20,56.19 ,57.07 ,55.93 ,56.86 ,27837.00 ,2350704.00
2015/01/21,57.20 ,57.40 ,56.86 ,57.27 ,31835.00 ,2708110.00
2015/01/22,57.47 ,57.54 ,56.93 ,57.40 ,25901.00 ,2209612.00
2015/01/23,57.60 ,58.95 ,57.54 ,58.95 ,71838.00 ,6246004.00
2015/01/26,58.95 ,59.82 ,58.54 ,59.62 ,64344.00 ,5686685.00
2015/01/27,60.02 ,60.02 ,58.95 ,59.62 ,39764.00 ,3527873.00
2015/01/28,59.42 ,59.48 ,59.01 ,59.01 ,27746.00 ,2447348.00
2015/01/29,58.95 ,58.95 ,58.07 ,58.21 ,32918.00 ,2863320.00
2015/01/30,58.88 ,58.88 ,58.21 ,58.21 ,26007.00 ,2264270.00
2015/02/02,58.54 ,58.61 ,57.60 ,58.07 ,30256.00 ,2609671.00
2015/02/03,58.07 ,58.95 ,57.94 ,58.68 ,24087.00 ,2102157.00
2015/02/04,58.88 ,59.35 ,58.74 ,58.74 ,36083.00 ,3168896.00
2015/02/05,58.81 ,58.81 ,58.27 ,58.61 ,20542.00 ,1789046.00
2015/02/06,58.88 ,58.88 ,58.27 ,58.61 ,17169.00 ,1498692.00
2015/02/09,58.68 ,58.68 ,58.34 ,58.41 ,16533.00 ,1440316.00
2015/02/10,58.07 ,58.21 ,57.40 ,57.40 ,37200.00 ,3196282.00
2015/02/11,57.07 ,57.40 ,56.86 ,56.93 ,42617.00 ,3621198.00
2015/02/12,57.20 ,58.01 ,56.73 ,57.87 ,40774.00 ,3485381.00
2015/02/13,57.74 ,58.01 ,57.54 ,57.60 ,28335.00 ,2439563.00
2015/02/24,57.80 ,58.27 ,57.60 ,57.60 ,58555.00 ,5046339.00
2015/02/25,57.60 ,58.07 ,57.40 ,57.94 ,27641.00 ,2378511.00
2015/02/26,58.07 ,58.88 ,57.80 ,58.48 ,45547.00 ,3964463.00
2015/03/02,58.88 ,59.35 ,58.41 ,58.48 ,31916.00 ,2792956.00
2015/03/03,58.48 ,58.74 ,57.87 ,57.94 ,21771.00 ,1884209.00
2015/03/04,58.41 ,59.62 ,58.21 ,59.28 ,61434.00 ,5404832.00
2015/03/05,59.48 ,60.02 ,58.88 ,59.42 ,57112.00 ,5067475.00
2015/03/06,59.42 ,59.82 ,59.08 ,59.62 ,36627.00 ,3249549.00
2015/03/09,59.35 ,59.48 ,58.95 ,58.95 ,25278.00 ,2226371.00
2015/03/10,59.01 ,59.21 ,58.48 ,58.48 ,23789.00 ,2081514.00
2015/03/11,58.07 ,59.08 ,58.01 ,58.61 ,31224.00 ,2728117.00
2015/03/12,58.41 ,58.95 ,58.41 ,58.48 ,38288.00 ,3346703.00
2015/03/13,58.61 ,59.48 ,58.61 ,59.08 ,36023.00 ,3176148.00
2015/03/16,59.08 ,59.35 ,58.61 ,58.61 ,36470.00 ,3203439.00
2015/03/17,58.61 ,59.21 ,58.61 ,58.61 ,31124.00 ,2728409.00
2015/03/18,58.61 ,59.28 ,58.61 ,59.01 ,41411.00 ,3639266.00
2015/03/19,59.28 ,61.23 ,59.28 ,61.16 ,131562.00 ,11865473.00
2015/03/20,61.36 ,62.77 ,61.09 ,62.44 ,117568.00 ,10859059.00
2015/03/23,62.77 ,63.58 ,62.50 ,62.77 ,78554.00 ,7371146.00
2015/03/24,62.91 ,63.38 ,62.44 ,62.64 ,49488.00 ,4635114.00
2015/03/25,63.11 ,63.65 ,62.71 ,63.38 ,47407.00 ,4460908.00
2015/03/26,63.04 ,63.38 ,62.44 ,63.38 ,48764.00 ,4577960.00
2015/03/27,63.38 ,63.38 ,62.03 ,62.44 ,52851.00 ,4935494.00
2015/03/30,63.11 ,63.51 ,62.77 ,63.11 ,42747.00 ,4015352.00
2015/03/31,63.44 ,63.71 ,61.09 ,61.50 ,109910.00 ,10178082.00
2015/04/01,61.50 ,62.10 ,60.76 ,61.56 ,41384.00 ,3794649.00
2015/04/02,62.37 ,62.77 ,62.10 ,62.57 ,42164.00 ,3925799.00
2015/04/07,62.97 ,63.04 ,62.30 ,62.84 ,24248.00 ,2266576.00
2015/04/08,63.11 ,63.11 ,62.17 ,62.91 ,32273.00 ,3009912.00
2015/04/09,62.91 ,62.97 ,62.17 ,62.44 ,34454.00 ,3206526.00
2015/04/10,62.97 ,62.97 ,62.17 ,62.50 ,34247.00 ,3184761.00
2015/04/13,62.57 ,62.77 ,62.17 ,62.37 ,19526.00 ,1816390.00
2015/04/14,62.44 ,62.97 ,62.17 ,62.97 ,30250.00 ,2827521.00
2015/04/15,62.77 ,63.04 ,61.63 ,61.83 ,48176.00 ,4455823.00
2015/04/16,62.37 ,62.71 ,62.17 ,62.64 ,24770.00 ,2304883.00
2015/04/17,62.64 ,62.64 ,61.90 ,61.97 ,25190.00 ,2332572.00
2015/04/20,61.36 ,62.57 ,61.36 ,62.30 ,25700.00 ,2371914.00
2015/04/21,62.30 ,62.57 ,61.77 ,61.83 ,22696.00 ,2098024.00
2015/04/22,61.63 ,62.44 ,61.63 ,61.77 ,28665.00 ,2643434.00
2015/04/23,62.10 ,63.11 ,62.10 ,62.64 ,57193.00 ,5330988.00
2015/04/24,63.11 ,63.98 ,62.97 ,63.51 ,88319.00 ,8355807.00
2015/04/27,63.85 ,64.05 ,63.51 ,63.58 ,44909.00 ,4263924.00
2015/04/28,63.78 ,64.05 ,62.64 ,62.84 ,50459.00 ,4746356.00
2015/04/29,62.84 ,62.97 ,61.77 ,61.83 ,42706.00 ,3957466.00
2015/04/30,61.83 ,62.50 ,61.70 ,61.77 ,32071.00 ,2961576.00
2015/05/04,62.44 ,62.57 ,61.97 ,62.50 ,23192.00 ,2152484.00
2015/05/05,62.77 ,62.97 ,62.03 ,62.50 ,19623.00 ,1825886.00
2015/05/06,62.30 ,62.71 ,62.03 ,62.44 ,22388.00 ,2081147.00
2015/05/07,62.44 ,62.44 ,61.83 ,61.83 ,24164.00 ,2233090.00
2015/05/08,61.97 ,62.64 ,61.90 ,62.24 ,28439.00 ,2636425.00
2015/05/11,62.97 ,63.04 ,61.97 ,62.57 ,29376.00 ,2738926.00
2015/05/12,62.30 ,62.71 ,62.10 ,62.24 ,15402.00 ,1430331.00
2015/05/13,62.77 ,63.44 ,62.50 ,63.44 ,41774.00 ,3925118.00
2015/05/14,63.44 ,63.44 ,62.71 ,62.91 ,26024.00 ,2440722.00
2015/05/15,62.91 ,63.04 ,62.37 ,62.50 ,21583.00 ,2013745.00
2015/05/18,63.91 ,64.99 ,63.85 ,64.99 ,126258.00 ,12114539.00
2015/05/19,65.66 ,66.40 ,65.66 ,66.06 ,99833.00 ,9826694.00
2015/05/20,66.13 ,66.13 ,65.12 ,65.46 ,44669.00 ,4359377.00
2015/05/21,65.12 ,65.39 ,64.79 ,65.12 ,43700.00 ,4234665.00
2015/05/22,65.26 ,65.73 ,64.65 ,64.79 ,34022.00 ,3302606.00
2015/05/25,65.46 ,65.59 ,64.85 ,65.06 ,29599.00 ,2875561.00
2015/05/26,65.66 ,66.00 ,65.32 ,65.39 ,22883.00 ,2233971.00
2015/05/27,65.66 ,65.79 ,65.12 ,65.39 ,30319.00 ,2956525.00
2015/05/28,66.00 ,66.40 ,65.79 ,66.00 ,55443.00 ,5453226.00
2015/05/29,66.26 ,66.67 ,66.00 ,66.53 ,86602.00 ,8568091.00
2015/06/01,66.53 ,66.53 ,65.32 ,65.32 ,36037.00 ,3525752.00
2015/06/02,65.12 ,66.00 ,64.92 ,65.66 ,35901.00 ,3510162.00
2015/06/03,65.46 ,65.79 ,64.99 ,65.12 ,24318.00 ,2365790.00
2015/06/04,65.12 ,65.19 ,63.38 ,63.44 ,58763.00 ,5614439.00
2015/06/05,63.11 ,64.05 ,62.77 ,63.31 ,42210.00 ,3981756.00
2015/06/08,63.58 ,64.05 ,62.97 ,63.71 ,30900.00 ,2926560.00
2015/06/09,63.71 ,63.78 ,62.50 ,62.57 ,28293.00 ,2657562.00
2015/06/10,63.78 ,64.18 ,63.44 ,64.18 ,36906.00 ,3512862.00
2015/06/11,64.65 ,64.92 ,63.44 ,64.32 ,37788.00 ,3602137.00
2015/06/12,64.32 ,64.32 ,63.71 ,63.78 ,15514.00 ,1477377.00
2015/06/15,63.44 ,63.85 ,63.11 ,63.11 ,19062.00 ,1799179.00
2015/06/16,63.71 ,63.71 ,62.84 ,63.65 ,23270.00 ,2192647.00
2015/06/17,63.78 ,63.78 ,63.04 ,63.38 ,26416.00 ,2493995.00
2015/06/18,63.51 ,63.78 ,63.11 ,63.51 ,25733.00 ,2433827.00
2015/06/22,64.12 ,65.32 ,64.12 ,65.26 ,39619.00 ,3831081.00
2015/06/23,65.59 ,66.00 ,65.12 ,65.19 ,31625.00 ,3087370.00
2015/06/24,65.06 ,65.59 ,65.06 ,65.53 ,23036.00 ,2244628.00
2015/06/25,66.33 ,66.94 ,66.06 ,66.47 ,77040.00 ,7635548.00
2015/06/26,66.67 ,66.67 ,66.13 ,66.60 ,44332.00 ,4384863.00
2015/06/29,65.86 ,65.86 ,64.85 ,65.06 ,36806.00 ,3585039.00
2015/06/30,65.06 ,65.39 ,64.79 ,65.12 ,26938.00 ,2610964.00
2015/07/01,65.39 ,66.00 ,65.12 ,65.79 ,25391.00 ,2484753.00
2015/07/02,65.73 ,66.00 ,65.53 ,65.79 ,20746.00 ,2033316.00
2015/07/03,65.59 ,65.59 ,65.12 ,65.32 ,12800.00 ,1246066.00
2015/07/06,64.65 ,65.32 ,64.38 ,64.65 ,23085.00 ,2225851.00
2015/07/07,65.46 ,65.66 ,65.06 ,65.32 ,16724.00 ,1628259.00
2015/07/08,65.32 ,65.39 ,63.11 ,63.44 ,50886.00 ,4850678.00
2015/07/09,61.43 ,63.31 ,61.43 ,62.71 ,42804.00 ,3977903.00
2015/07/13,63.44 ,64.59 ,63.38 ,64.59 ,31128.00 ,2965898.00
2015/07/14,64.99 ,65.26 ,63.58 ,63.58 ,36958.00 ,3535155.00
2015/07/15,64.38 ,64.45 ,63.51 ,64.25 ,23337.00 ,2221229.00
2015/07/16,64.79 ,64.79 ,63.98 ,64.45 ,17443.00 ,1673028.00
2015/07/17,64.45 ,64.52 ,63.85 ,63.85 ,19974.00 ,1908646.00
2015/07/20,64.38 ,64.52 ,63.71 ,63.85 ,15708.00 ,1499989.00
2015/07/21,64.32 ,64.65 ,63.85 ,64.65 ,15810.00 ,1513555.00
2015/07/22,63.78 ,64.32 ,63.58 ,63.65 ,28949.00 ,2750387.00
2015/07/23,62.77 ,63.31 ,60.76 ,60.76 ,82507.00 ,7600563.00
2015/07/24,60.89 ,61.43 ,60.09 ,60.76 ,42402.00 ,3833691.00
2015/07/27,60.69 ,61.16 ,60.42 ,60.49 ,26314.00 ,2377556.00
2015/07/28,60.49 ,61.09 ,60.42 ,60.42 ,27776.00 ,2508598.00
2015/07/29,60.42 ,61.43 ,58.74 ,61.43 ,50764.00 ,4535532.00
2015/07/30,61.43 ,61.83 ,60.76 ,61.03 ,29245.00 ,2667853.00
2015/07/31,61.16 ,61.30 ,60.62 ,60.89 ,27876.00 ,2529515.00
2015/08/03,61.09 ,61.09 ,59.28 ,59.89 ,35313.00 ,3153226.00
2015/08/04,59.89 ,60.62 ,59.15 ,60.09 ,32607.00 ,2908040.00
2015/08/05,59.48 ,60.09 ,59.48 ,59.75 ,30252.00 ,2692998.00
2015/08/06,59.75 ,60.15 ,59.15 ,59.42 ,31805.00 ,2817623.00
2015/08/07,59.21 ,59.68 ,58.81 ,59.42 ,21997.00 ,1944425.00
2015/08/10,59.42 ,59.89 ,58.95 ,59.42 ,22352.00 ,1975040.00
2015/08/11,60.42 ,60.76 ,59.35 ,59.42 ,37973.00 ,3386727.00
2015/08/12,58.74 ,59.21 ,58.07 ,58.07 ,42743.00 ,3719183.00
2015/08/13,58.07 ,58.74 ,58.01 ,58.68 ,29946.00 ,2601705.00
2015/08/14,59.15 ,60.02 ,59.15 ,59.55 ,37359.00 ,3315900.00
2015/08/17,59.75 ,59.75 ,59.08 ,59.21 ,18499.00 ,1635590.00
2015/08/18,59.75 ,59.95 ,59.21 ,59.28 ,18300.00 ,1622453.00
2015/08/19,59.28 ,59.62 ,58.81 ,59.15 ,30057.00 ,2648943.00
2015/08/20,58.88 ,59.35 ,58.48 ,58.68 ,27616.00 ,2419306.00
2015/08/21,57.94 ,58.54 ,57.40 ,57.40 ,46004.00 ,3963365.00
2015/08/24,55.72 ,57.00 ,52.30 ,54.78 ,88531.00 ,7213060.00
2015/08/25,54.38 ,57.07 ,54.38 ,57.07 ,60830.00 ,5087320.00
2015/08/26,56.39 ,56.86 ,55.79 ,56.06 ,58576.00 ,4911008.00
2015/08/27,56.39 ,57.27 ,56.39 ,56.80 ,68806.00 ,5813258.00
2015/08/28,58.34 ,59.89 ,57.87 ,59.48 ,65098.00 ,5730492.00
2015/08/31,60.09 ,62.10 ,59.62 ,62.10 ,62543.00 ,5657867.00
2015/09/01,61.43 ,61.43 ,60.02 ,60.29 ,60905.00 ,5493452.00
2015/09/02,60.02 ,61.23 ,59.82 ,60.83 ,105710.00 ,9552235.00
2015/09/03,61.81 ,62.33 ,61.44 ,61.74 ,103079.00 ,8666817.00
2015/09/04,61.81 ,62.03 ,61.08 ,61.08 ,43336.00 ,3618908.00
2015/09/07,61.00 ,61.59 ,60.78 ,61.00 ,18975.00 ,1575915.00
2015/09/08,61.00 ,61.37 ,60.86 ,60.93 ,14478.00 ,1201540.00
2015/09/09,61.59 ,62.92 ,61.59 ,62.92 ,42327.00 ,3592520.00
2015/09/10,62.55 ,62.55 ,62.03 ,62.25 ,30898.00 ,2614101.00
2015/09/11,62.25 ,62.47 ,61.96 ,62.33 ,27669.00 ,2340522.00
2015/09/14,62.55 ,62.84 ,62.03 ,62.62 ,20557.00 ,1743527.00
2015/09/15,62.77 ,62.84 ,62.03 ,62.33 ,23573.00 ,1996180.00
2015/09/16,62.70 ,62.70 ,62.18 ,62.55 ,24894.00 ,2112506.00
2015/09/17,63.06 ,63.58 ,62.77 ,62.92 ,33680.00 ,2886245.00
2015/09/18,62.92 ,63.21 ,62.55 ,62.92 ,37019.00 ,3166371.00
2015/09/21,62.33 ,62.47 ,61.81 ,61.96 ,29324.00 ,2470567.00
2015/09/22,62.18 ,62.62 ,62.18 ,62.62 ,18616.00 ,1580477.00
2015/09/23,62.11 ,62.25 ,61.74 ,61.89 ,29795.00 ,2505805.00
2015/09/24,62.11 ,62.25 ,60.86 ,61.52 ,21977.00 ,1837981.00
2015/09/25,61.81 ,62.33 ,61.44 ,62.03 ,19030.00 ,1599940.00
2015/09/30,61.74 ,62.99 ,61.52 ,62.99 ,49123.00 ,4167102.00
2015/10/01,62.47 ,63.28 ,62.33 ,63.21 ,27903.00 ,2387878.00
2015/10/02,63.43 ,63.50 ,62.62 ,63.06 ,23535.00 ,2021793.00
2015/10/05,63.43 ,63.43 ,62.47 ,63.28 ,21821.00 ,1871427.00
2015/10/06,63.65 ,63.95 ,63.36 ,63.58 ,25192.00 ,2176956.00
2015/10/07,63.43 ,63.95 ,63.28 ,63.95 ,27500.00 ,2379117.00
2015/10/08,64.31 ,64.39 ,63.58 ,63.80 ,21720.00 ,1885962.00
2015/10/12,64.61 ,65.12 ,64.46 ,64.83 ,46199.00 ,4067572.00
2015/10/13,64.90 ,64.98 ,64.02 ,64.39 ,29718.00 ,2599505.00
2015/10/14,64.39 ,64.39 ,63.28 ,63.36 ,30642.00 ,2647842.00
2015/10/15,64.24 ,64.76 ,63.80 ,63.80 ,41667.00 ,3642002.00
2015/10/16,64.46 ,64.61 ,64.17 ,64.61 ,23105.00 ,2022519.00
2015/10/19,64.90 ,64.90 ,63.95 ,64.53 ,26008.00 ,2271699.00
2015/10/20,64.68 ,64.76 ,63.95 ,64.09 ,21951.00 ,1915072.00
2015/10/21,64.39 ,64.61 ,63.50 ,63.58 ,18577.00 ,1611727.00
2015/10/22,63.43 ,63.73 ,63.21 ,63.73 ,23161.00 ,1996815.00
2015/10/23,64.61 ,64.61 ,64.02 ,64.31 ,26950.00 ,2356346.00
2015/10/26,65.20 ,65.27 ,64.90 ,65.27 ,36416.00 ,3221857.00
2015/10/27,65.49 ,65.49 ,64.39 ,65.20 ,36848.00 ,3253418.00
2015/10/28,64.98 ,65.12 ,64.39 ,64.76 ,20203.00 ,1774946.00
2015/10/29,64.76 ,64.98 ,63.73 ,63.87 ,29809.00 ,2598306.00
2015/10/30,64.02 ,64.31 ,63.28 ,63.73 ,25674.00 ,2224536.00
2015/11/02,64.17 ,64.31 ,63.43 ,64.31 ,16294.00 ,1416776.00
2015/11/03,64.46 ,64.76 ,63.87 ,64.61 ,25996.00 ,2277591.00
2015/11/04,64.90 ,65.49 ,64.61 ,65.27 ,42234.00 ,3741702.00
2015/11/05,65.27 ,65.27 ,64.90 ,64.90 ,20265.00 ,1790940.00
2015/11/06,64.68 ,65.12 ,63.65 ,63.73 ,36227.00 ,3153063.00
2015/11/09,63.65 ,63.95 ,63.14 ,63.28 ,22494.00 ,1938429.00
2015/11/10,62.62 ,62.84 ,62.18 ,62.18 ,39128.00 ,3319752.00
2015/11/11,61.81 ,62.55 ,61.08 ,61.37 ,47016.00 ,3939712.00
2015/11/12,61.44 ,62.03 ,61.37 ,61.74 ,22272.00 ,1864353.00
2015/11/13,61.44 ,62.33 ,61.22 ,61.52 ,27333.00 ,2286155.00
2015/11/16,60.86 ,61.44 ,60.78 ,60.93 ,35694.00 ,2957283.00
2015/11/17,62.18 ,62.84 ,61.96 ,62.55 ,37553.00 ,3191648.00
2015/11/18,62.92 ,62.92 ,61.96 ,62.40 ,26482.00 ,2247669.00
2015/11/19,62.92 ,62.99 ,62.25 ,62.92 ,18369.00 ,1564077.00
2015/11/20,63.50 ,63.50 ,62.99 ,63.28 ,26810.00 ,2305776.00
2015/11/23,63.36 ,63.50 ,62.70 ,62.92 ,17479.00 ,1497502.00
2015/11/24,62.70 ,62.92 ,62.03 ,62.03 ,18971.00 ,1608369.00
2015/11/25,61.81 ,62.25 ,61.59 ,62.03 ,17383.00 ,1459511.00
2015/11/26,62.55 ,63.28 ,62.40 ,62.84 ,18798.00 ,1604888.00
2015/11/27,62.62 ,62.84 ,62.03 ,62.55 ,14448.00 ,1224717.00
2015/11/30,61.30 ,62.40 ,61.08 ,61.81 ,71528.00 ,6001811.00
2015/12/01,62.62 ,63.28 ,62.18 ,63.28 ,38201.00 ,3259679.00
2015/12/02,63.36 ,63.43 ,62.62 ,63.06 ,20895.00 ,1788756.00
2015/12/03,62.25 ,62.77 ,62.25 ,62.33 ,14450.00 ,1226437.00
2015/12/04,61.96 ,62.11 ,61.66 ,61.96 ,20520.00 ,1725826.00
2015/12/07,62.25 ,63.14 ,62.25 ,62.33 ,19528.00 ,1662521.00
2015/12/08,62.47 ,62.47 ,61.74 ,61.74 ,24909.00 ,2094142.00
2015/12/09,61.74 ,62.03 ,61.22 ,61.30 ,20179.00 ,1685331.00
2015/12/10,61.08 ,61.30 ,60.71 ,61.00 ,29670.00 ,2456073.00
2015/12/11,61.74 ,61.81 ,60.93 ,61.15 ,37343.00 ,3109952.00
2015/12/14,59.60 ,59.83 ,59.02 ,59.46 ,41451.00 ,3352411.00
2015/12/15,59.53 ,59.83 ,58.57 ,58.87 ,51309.00 ,4110217.00
2015/12/16,59.97 ,59.97 ,58.72 ,59.02 ,30970.00 ,2485320.00
2015/12/17,59.24 ,60.63 ,59.02 ,60.63 ,27078.00 ,2202248.00
2015/12/18,59.90 ,60.12 ,59.53 ,59.75 ,29887.00 ,2427897.00
2015/12/21,59.24 ,60.34 ,59.09 ,59.90 ,17792.00 ,1441538.00
2015/12/22,59.90 ,60.12 ,59.24 ,59.38 ,18412.00 ,1488918.00
2015/12/23,59.60 ,60.12 ,59.46 ,59.83 ,18028.00 ,1466742.00
2015/12/24,60.12 ,60.27 ,59.90 ,60.05 ,11630.00 ,949895.00
2015/12/25,59.97 ,60.19 ,59.68 ,60.05 ,7989.00 ,650326.00
2015/12/28,59.97 ,60.19 ,59.60 ,59.60 ,12508.00 ,1017461.00
2015/12/29,59.60 ,59.75 ,59.31 ,59.38 ,18037.00 ,1457934.00
2015/12/30,59.68 ,59.75 ,59.31 ,59.53 ,14245.00 ,1152238.00
2015/12/31,59.53 ,59.75 ,59.16 ,59.46 ,13764.00 ,1112123.00
2016/01/04,59.75 ,59.75 ,57.84 ,58.13 ,35223.00 ,2804319.00
2016/01/05,58.13 ,59.09 ,57.99 ,58.21 ,30125.00 ,2386189.00
2016/01/06,57.62 ,58.21 ,56.88 ,58.13 ,42557.00 ,3325714.00
2016/01/07,57.03 ,57.76 ,56.66 ,57.62 ,40523.00 ,3145237.00
2016/01/08,56.81 ,57.62 ,56.81 ,57.40 ,27621.00 ,2150126.00
2016/01/11,56.73 ,56.81 ,55.41 ,55.48 ,52037.00 ,3941548.00
2016/01/12,55.93 ,56.29 ,55.48 ,56.15 ,31183.00 ,2366446.00
2016/01/13,56.66 ,56.88 ,56.15 ,56.37 ,22765.00 ,1746518.00
2016/01/14,55.41 ,55.93 ,54.89 ,55.93 ,23289.00 ,1754900.00
2016/01/15,56.15 ,56.37 ,54.67 ,55.41 ,39925.00 ,3005386.00
2016/01/18,53.94 ,55.41 ,53.79 ,55.12 ,26696.00 ,1986068.00
2016/01/19,55.56 ,55.70 ,54.97 ,55.41 ,21056.00 ,1583829.00
2016/01/20,55.12 ,55.12 ,53.79 ,53.79 ,38245.00 ,2815100.00
2016/01/21,53.94 ,54.53 ,53.50 ,53.50 ,31464.00 ,2306793.00
2016/01/22,54.09 ,55.04 ,54.01 ,55.04 ,33147.00 ,2452723.00
2016/01/25,56.07 ,56.07 ,55.56 ,55.93 ,27076.00 ,2057032.00
2016/01/26,55.41 ,55.78 ,55.19 ,55.56 ,16786.00 ,1265015.00
2016/01/27,55.93 ,55.93 ,55.26 ,55.41 ,18326.00 ,1382569.00
2016/01/28,54.23 ,55.48 ,54.23 ,55.26 ,29878.00 ,2235488.00
2016/01/29,54.82 ,57.25 ,54.82 ,57.25 ,47980.00 ,3688681.00
2016/01/30,57.47 ,57.91 ,57.47 ,57.54 ,12962.00 ,1016178.00
2016/02/01,58.21 ,58.50 ,57.54 ,58.50 ,30157.00 ,2380536.00
2016/02/02,58.72 ,58.79 ,57.69 ,57.69 ,20296.00 ,1602270.00
2016/02/03,57.40 ,57.47 ,56.15 ,56.37 ,37096.00 ,2851281.00
2016/02/15,54.38 ,55.56 ,54.31 ,54.97 ,62766.00 ,4687062.00
2016/02/16,55.04 ,56.66 ,55.04 ,56.37 ,31952.00 ,2425632.00
2016/02/17,56.66 ,56.66 ,55.63 ,56.44 ,30568.00 ,2337961.00
2016/02/18,56.66 ,57.25 ,56.51 ,57.18 ,37357.00 ,2896594.00
2016/02/19,57.18 ,57.18 ,56.07 ,56.44 ,26453.00 ,2031965.00
2016/02/22,56.07 ,57.18 ,56.00 ,56.44 ,19170.00 ,1475401.00
2016/02/23,56.37 ,56.81 ,56.37 ,56.66 ,12491.00 ,960989.00
2016/02/24,56.66 ,57.40 ,56.07 ,56.29 ,21319.00 ,1639110.00
2016/02/25,56.29 ,58.87 ,56.15 ,57.76 ,57174.00 ,4484549.00
2016/02/26,57.03 ,57.40 ,56.29 ,57.40 ,40829.00 ,3159358.00
2016/03/01,56.51 ,57.32 ,56.51 ,57.18 ,33626.00 ,2601641.00
2016/03/02,57.91 ,58.50 ,57.54 ,58.50 ,37017.00 ,2921496.00
2016/03/03,59.24 ,59.24 ,58.50 ,59.24 ,47911.00 ,3840195.00
2016/03/04,59.60 ,61.08 ,59.24 ,61.00 ,64064.00 ,5250696.00
2016/03/07,61.15 ,61.66 ,59.97 ,60.05 ,41415.00 ,3415968.00
2016/03/08,60.05 ,61.08 ,59.68 ,61.08 ,35495.00 ,2915963.00
2016/03/09,60.86 ,61.30 ,60.49 ,60.93 ,22545.00 ,1861757.00
2016/03/10,61.30 ,61.44 ,60.93 ,61.08 ,22369.00 ,1859499.00
2016/03/11,61.08 ,61.22 ,60.56 ,61.22 ,21411.00 ,1775875.00
2016/03/14,61.66 ,61.81 ,61.37 ,61.81 ,25702.00 ,2154167.00
2016/03/15,61.81 ,61.96 ,60.34 ,60.56 ,34133.00 ,2830915.00
2016/03/16,60.78 ,61.81 ,60.78 ,61.08 ,26268.00 ,2186537.00
2016/03/17,61.74 ,61.89 ,60.71 ,60.71 ,25510.00 ,2127337.00
2016/03/18,61.08 ,61.81 ,61.00 ,61.81 ,61108.00 ,5122968.00
2016/03/21,62.11 ,62.25 ,61.44 ,62.18 ,26058.00 ,2195214.00
2016/03/22,62.18 ,62.18 ,61.44 ,62.03 ,23500.00 ,1973276.00
2016/03/23,61.81 ,62.18 ,61.52 ,61.96 ,21765.00 ,1829663.00
2016/03/24,61.89 ,62.47 ,61.44 ,62.18 ,22310.00 ,1878607.00
2016/03/25,62.40 ,62.40 ,61.66 ,61.66 ,9545.00 ,802554.00
2016/03/28,62.33 ,62.55 ,62.03 ,62.18 ,25892.00 ,2193102.00
2016/03/29,62.55 ,62.55 ,61.22 ,61.59 ,25066.00 ,2105335.00
2016/03/30,61.59 ,61.59 ,61.59 ,61.59 ,0.00 ,0.00
2016/03/31,63.36 ,63.87 ,61.81 ,62.40 ,82367.00 ,7027003.00
2016/04/01,61.89 ,62.25 ,61.08 ,61.08 ,32984.00 ,2754116.00
2016/04/06,61.22 ,61.22 ,59.75 ,59.75 ,42845.00 ,3499983.00
2016/04/07,59.60 ,60.27 ,59.09 ,59.97 ,27719.00 ,2248151.00
2016/04/08,59.68 ,60.27 ,59.53 ,60.27 ,19158.00 ,1560952.00
2016/04/11,60.19 ,60.27 ,59.38 ,59.75 ,11172.00 ,908969.00
2016/04/12,60.19 ,60.78 ,59.75 ,60.34 ,15336.00 ,1257932.00
2016/04/13,60.56 ,61.66 ,60.56 ,61.59 ,34118.00 ,2844118.00
2016/04/14,61.08 ,61.66 ,60.63 ,60.63 ,23561.00 ,1952127.00
2016/04/15,60.49 ,61.22 ,60.12 ,61.00 ,18495.00 ,1528138.00
2016/04/18,61.22 ,61.22 ,60.71 ,60.78 ,14088.00 ,1167142.00
2016/04/19,60.93 ,61.30 ,59.75 ,59.97 ,18744.00 ,1537015.00
2016/04/20,59.68 ,60.63 ,58.28 ,58.28 ,51459.00 ,4124103.00
2016/04/21,58.72 ,59.24 ,58.50 ,59.09 ,20871.00 ,1671359.00
2016/04/22,59.68 ,59.68 ,59.09 ,59.60 ,17410.00 ,1407072.00
2016/04/25,59.68 ,59.90 ,59.02 ,59.09 ,14003.00 ,1128851.00
2016/04/26,58.87 ,59.75 ,58.87 ,59.02 ,18296.00 ,1473987.00
2016/04/27,58.79 ,59.02 ,58.35 ,58.50 ,25054.00 ,1996661.00
2016/04/28,58.87 ,59.02 ,57.84 ,57.84 ,30085.00 ,2383149.00
2016/04/29,56.73 ,57.18 ,56.73 ,56.73 ,38516.00 ,2976891.00
2016/05/03,56.66 ,56.73 ,55.63 ,55.63 ,31440.00 ,2390836.00
2016/05/04,55.63 ,56.22 ,55.12 ,55.70 ,33607.00 ,2536035.00
2016/05/05,55.70 ,56.00 ,55.19 ,55.48 ,24899.00 ,1877594.00
2016/05/06,55.48 ,55.56 ,54.16 ,54.31 ,46281.00 ,3427558.00
2016/05/09,54.45 ,54.60 ,53.35 ,53.42 ,38311.00 ,2795465.00
2016/05/10,53.42 ,55.04 ,53.35 ,55.04 ,29746.00 ,2199602.00
2016/05/11,55.04 ,55.56 ,54.01 ,54.45 ,27889.00 ,2067590.00
2016/05/12,54.38 ,54.53 ,53.72 ,53.94 ,26316.00 ,1930895.00
2016/05/13,55.19 ,55.48 ,54.09 ,54.75 ,63339.00 ,4706304.00
2016/05/16,54.53 ,54.75 ,54.09 ,54.45 ,26475.00 ,1959623.00
2016/05/17,54.60 ,54.97 ,54.45 ,54.67 ,29030.00 ,2156356.00
2016/05/18,54.67 ,54.82 ,54.09 ,54.75 ,28906.00 ,2142547.00
2016/05/19,54.75 ,54.97 ,54.31 ,54.60 ,25348.00 ,1879143.00
2016/05/20,54.67 ,55.04 ,54.45 ,54.45 ,24261.00 ,1802007.00
2016/05/23,54.75 ,57.18 ,54.60 ,56.96 ,52975.00 ,4053551.00
2016/05/24,56.88 ,56.96 ,56.22 ,56.22 ,26754.00 ,2053542.00
2016/05/25,57.03 ,58.65 ,56.96 ,57.69 ,46903.00 ,3687122.00
2016/05/26,57.76 ,58.13 ,57.40 ,57.47 ,18307.00 ,1433864.00
2016/05/27,57.84 ,58.06 ,57.47 ,57.69 ,20091.00 ,1575252.00
2016/05/30,58.13 ,58.79 ,57.76 ,58.50 ,25266.00 ,2003392.00
2016/05/31,58.50 ,58.94 ,58.21 ,58.94 ,66579.00 ,5316736.00
2016/06/01,58.57 ,59.60 ,58.57 ,59.31 ,28491.00 ,2294863.00
2016/06/02,59.38 ,59.46 ,58.28 ,58.35 ,29009.00 ,2319181.00
2016/06/03,58.50 ,59.02 ,58.50 ,58.87 ,17414.00 ,1391439.00
2016/06/04,58.79 ,59.09 ,58.65 ,59.02 ,5532.00 ,443138.00
2016/06/06,58.72 ,59.90 ,58.57 ,59.02 ,21625.00 ,1738847.00
2016/06/07,59.46 ,59.75 ,59.31 ,59.68 ,31493.00 ,2550209.00
2016/06/08,59.97 ,60.34 ,59.68 ,59.83 ,37351.00 ,3045717.00
2016/06/13,58.79 ,58.87 ,57.84 ,57.84 ,48285.00 ,3819961.00
2016/06/14,57.40 ,58.79 ,57.40 ,58.79 ,26410.00 ,2095778.00
2016/06/15,58.35 ,59.09 ,58.28 ,59.02 ,21566.00 ,1724184.00
2016/06/16,58.50 ,58.57 ,57.84 ,57.99 ,28763.00 ,2274529.00
2016/06/17,58.28 ,58.94 ,58.13 ,58.35 ,33517.00 ,2663154.00
2016/06/20,59.16 ,59.46 ,58.94 ,59.24 ,25729.00 ,2069313.00
2016/06/21,59.09 ,59.60 ,58.94 ,59.38 ,24933.00 ,2010220.00
2016/06/22,59.38 ,59.97 ,59.38 ,59.97 ,27195.00 ,2207554.00
2016/06/23,60.34 ,61.08 ,60.34 ,61.00 ,49044.00 ,4055603.00
2016/06/24,61.22 ,61.22 ,59.31 ,59.97 ,64170.00 ,5223362.00
2016/06/27,59.60 ,60.41 ,59.46 ,60.34 ,20747.00 ,1693251.00
2016/06/28,59.75 ,60.71 ,59.46 ,60.71 ,26680.00 ,2182222.00
2016/06/29,60.34 ,61.00 ,60.34 ,60.71 ,20873.00 ,1721836.00
2016/06/30,60.86 ,61.00 ,60.49 ,60.71 ,27817.00 ,2295824.00
2016/07/01,60.71 ,61.37 ,60.71 ,60.86 ,25594.00 ,2124301.00
2016/07/04,61.30 ,61.44 ,61.08 ,61.30 ,25249.00 ,2103320.00
2016/07/05,61.08 ,61.30 ,60.78 ,61.08 ,17271.00 ,1432788.00
2016/07/06,60.71 ,60.71 ,59.97 ,59.97 ,26713.00 ,2184621.00
2016/07/07,60.34 ,60.56 ,60.12 ,60.41 ,16964.00 ,1392004.00
2016/07/11,60.49 ,61.08 ,60.49 ,60.71 ,33141.00 ,2739572.00
2016/07/12,60.78 ,61.44 ,60.78 ,61.30 ,32630.00 ,2714824.00
2016/07/13,61.74 ,61.74 ,61.08 ,61.44 ,30235.00 ,2522782.00
2016/07/14,61.44 ,61.52 ,61.08 ,61.44 ,19334.00 ,1612947.00
2016/07/15,61.59 ,62.40 ,61.59 ,62.18 ,34163.00 ,2881651.00
2016/07/18,62.84 ,63.28 ,62.55 ,63.28 ,42513.00 ,3635626.00
2016/07/19,63.58 ,63.58 ,62.99 ,63.43 ,34955.00 ,3008122.00
2016/07/20,63.14 ,63.50 ,62.99 ,63.28 ,28845.00 ,2479299.00
2016/07/21,63.50 ,64.76 ,63.43 ,64.31 ,51008.00 ,4457788.00
2016/07/22,64.53 ,64.68 ,64.17 ,64.46 ,34959.00 ,3062504.00
2016/07/25,64.31 ,64.76 ,62.99 ,64.46 ,34004.00 ,2958132.00
2016/07/26,64.39 ,64.68 ,63.80 ,64.61 ,28924.00 ,2533326.00
2016/07/27,65.05 ,65.86 ,64.98 ,65.49 ,47025.00 ,4182416.00
2016/07/28,65.79 ,65.79 ,65.12 ,65.49 ,28783.00 ,2561266.00
2016/07/29,65.49 ,65.49 ,64.68 ,64.68 ,29462.00 ,2600290.00
2016/08/01,64.61 ,65.49 ,64.61 ,65.34 ,35252.00 ,3128322.00
2016/08/02,65.34 ,65.49 ,65.12 ,65.12 ,17857.00 ,1583878.00
2016/08/03,64.39 ,64.98 ,64.31 ,64.39 ,28265.00 ,2479145.00
2016/08/04,64.76 ,64.76 ,64.39 ,64.76 ,16706.00 ,1468395.00
2016/08/05,64.76 ,65.34 ,64.61 ,65.05 ,21977.00 ,1942409.00
2016/08/08,65.64 ,66.23 ,65.49 ,66.23 ,38003.00 ,3398142.00
2016/08/09,66.23 ,66.30 ,65.64 ,66.15 ,27157.00 ,2440513.00
2016/08/10,66.15 ,66.23 ,65.93 ,66.23 ,21467.00 ,1929664.00
2016/08/11,65.79 ,66.01 ,65.05 ,65.86 ,32700.00 ,2915685.00
2016/08/12,63.65 ,64.61 ,63.28 ,63.43 ,120062.00 ,10419755.00
2016/08/15,63.14 ,64.17 ,62.92 ,64.17 ,42295.00 ,3663700.00
2016/08/16,64.02 ,64.17 ,63.36 ,63.43 ,35385.00 ,3060588.00
2016/08/17,63.28 ,63.36 ,62.40 ,62.55 ,71503.00 ,6092327.00
2016/08/18,62.47 ,63.28 ,62.18 ,63.06 ,41301.00 ,3521344.00
2016/08/19,63.28 ,63.80 ,62.70 ,62.77 ,37607.00 ,3228421.00
2016/08/22,62.70 ,62.99 ,62.55 ,62.84 ,25392.00 ,2165468.00
2016/08/23,62.70 ,63.21 ,62.70 ,63.14 ,32195.00 ,2757636.00
2016/08/24,63.43 ,64.09 ,63.36 ,63.80 ,43804.00 ,3795051.00
2016/08/25,63.95 ,65.12 ,63.95 ,65.12 ,57438.00 ,5048818.00
2016/08/26,65.42 ,65.49 ,64.83 ,65.12 ,38907.00 ,3443302.00
2016/08/29,65.49 ,66.01 ,65.05 ,65.71 ,63998.00 ,5701970.00
2016/08/30,65.71 ,65.86 ,65.27 ,65.49 ,45965.00 ,4092761.00
2016/08/31,65.27 ,65.42 ,64.76 ,64.76 ,68836.00 ,6074873.00
2016/09/01,64.17 ,64.61 ,63.87 ,64.31 ,103889.00 ,9071572.00
2016/09/02,64.98 ,66.09 ,64.73 ,65.49 ,158664.00 ,12233653.00
2016/09/05,66.09 ,66.51 ,65.83 ,66.34 ,44625.00 ,3483109.00
2016/09/06,66.85 ,67.78 ,66.68 ,67.70 ,51022.00 ,4058307.00
2016/09/07,68.21 ,68.55 ,67.44 ,67.44 ,59399.00 ,4754313.00
2016/09/08,67.53 ,67.61 ,66.60 ,66.60 ,50257.00 ,3960139.00
2016/09/09,66.00 ,66.09 ,65.75 ,65.92 ,36760.00 ,2856282.00
2016/09/10,65.15 ,66.43 ,65.07 ,66.17 ,23404.00 ,1811772.00
2016/09/12,66.17 ,66.34 ,65.75 ,65.75 ,31237.00 ,2426634.00
2016/09/13,66.43 ,66.60 ,65.15 ,65.49 ,37723.00 ,2925547.00
2016/09/14,65.49 ,66.34 ,65.49 ,65.66 ,43959.00 ,3411367.00
2016/09/19,67.78 ,68.29 ,67.19 ,68.21 ,76667.00 ,6125553.00
2016/09/20,68.29 ,68.46 ,67.87 ,68.04 ,41417.00 ,3325929.00
2016/09/21,67.78 ,67.95 ,67.27 ,67.87 ,29174.00 ,2326573.00
2016/09/22,68.12 ,68.55 ,67.27 ,67.53 ,31624.00 ,2527103.00
2016/09/23,67.78 ,67.87 ,67.36 ,67.70 ,30788.00 ,2454548.00
2016/09/26,67.11 ,67.36 ,66.68 ,66.94 ,32605.00 ,2574486.00
2016/09/29,67.70 ,67.87 ,67.27 ,67.70 ,49890.00 ,3980268.00
2016/09/30,67.19 ,67.44 ,67.02 ,67.02 ,33180.00 ,2625777.00
2016/10/03,67.70 ,67.70 ,67.19 ,67.19 ,23921.00 ,1900379.00
2016/10/04,67.02 ,67.44 ,66.94 ,67.44 ,19839.00 ,1570944.00
2016/10/05,67.11 ,67.70 ,67.11 ,67.53 ,14224.00 ,1131510.00
2016/10/06,68.04 ,68.12 ,67.87 ,68.04 ,24815.00 ,1988141.00
2016/10/07,68.29 ,68.29 ,67.87 ,67.87 ,15318.00 ,1228163.00
2016/10/11,68.72 ,69.48 ,68.29 ,68.80 ,51744.00 ,4199103.00
2016/10/12,69.14 ,69.31 ,68.63 ,69.23 ,38592.00 ,3142515.00
2016/10/13,69.65 ,69.90 ,69.23 ,69.40 ,34881.00 ,2857168.00
2016/10/14,69.23 ,69.31 ,68.46 ,68.89 ,22420.00 ,1820447.00
2016/10/17,68.55 ,69.57 ,68.21 ,69.48 ,29655.00 ,2410790.00
2016/10/18,69.48 ,69.73 ,69.23 ,69.65 ,32868.00 ,2694088.00
2016/10/19,69.73 ,69.99 ,69.73 ,69.90 ,38455.00 ,3168757.00
2016/10/20,70.24 ,70.84 ,70.16 ,70.84 ,40042.00 ,3332081.00
2016/10/21,71.26 ,72.11 ,71.18 ,71.52 ,65473.00 ,5528330.00
2016/10/24,72.03 ,72.11 ,71.35 ,71.43 ,31339.00 ,2648240.00
2016/10/25,71.77 ,72.87 ,71.69 ,72.70 ,49322.00 ,4202923.00
2016/10/26,72.28 ,72.87 ,72.11 ,72.62 ,36417.00 ,3116188.00
2016/10/27,72.87 ,73.30 ,72.11 ,72.45 ,36899.00 ,3157529.00
2016/10/28,72.87 ,72.87 ,71.77 ,71.94 ,30165.00 ,2559426.00
2016/10/31,71.86 ,72.36 ,70.92 ,72.36 ,31249.00 ,2638377.00
2016/11/01,72.36 ,72.45 ,71.60 ,71.77 ,23258.00 ,1974411.00
2016/11/02,71.26 ,71.60 ,70.07 ,70.07 ,51613.00 ,4303489.00
2016/11/03,69.65 ,70.41 ,69.23 ,69.31 ,43612.00 ,3578842.00
2016/11/04,69.23 ,69.99 ,69.23 ,69.57 ,25604.00 ,2099932.00
2016/11/07,69.99 ,70.92 ,69.82 ,70.84 ,30230.00 ,2514764.00
2016/11/08,71.18 ,71.26 ,70.07 ,70.41 ,20390.00 ,1697624.00
2016/11/09,71.26 ,71.43 ,67.95 ,68.21 ,70378.00 ,5729678.00
2016/11/10,69.90 ,69.90 ,69.14 ,69.14 ,48546.00 ,3970888.00
2016/11/11,67.44 ,68.12 ,67.02 ,67.02 ,73170.00 ,5806685.00
2016/11/14,67.44 ,67.53 ,66.68 ,67.02 ,46012.00 ,3636058.00
2016/11/15,66.77 ,67.70 ,66.77 ,67.02 ,34163.00 ,2708207.00
2016/11/16,67.36 ,67.78 ,67.02 ,67.02 ,39144.00 ,3107911.00
2016/11/17,67.70 ,68.38 ,67.27 ,68.38 ,31889.00 ,2551904.00
2016/11/18,68.38 ,68.97 ,67.70 ,68.63 ,32171.00 ,2594525.00
2016/11/21,68.63 ,68.80 ,68.29 ,68.63 ,14358.00 ,1160314.00
2016/11/22,68.97 ,69.31 ,68.72 ,68.89 ,29078.00 ,2367240.00
2016/11/23,69.40 ,69.82 ,69.31 ,69.57 ,27268.00 ,2235549.00
2016/11/24,69.14 ,69.31 ,68.80 ,68.80 ,17929.00 ,1458340.00
2016/11/25,68.63 ,68.72 ,68.21 ,68.29 ,16543.00 ,1334411.00
2016/11/28,69.06 ,69.06 ,68.46 ,68.97 ,15494.00 ,1258144.00
2016/11/29,69.57 ,70.24 ,69.23 ,69.57 ,41901.00 ,3446134.00
2016/11/30,69.73 ,70.33 ,68.97 ,69.57 ,51345.00 ,4215743.00
2016/12/01,70.16 ,70.16 ,69.31 ,69.90 ,26194.00 ,2155266.00
2016/12/02,69.14 ,69.48 ,68.97 ,69.31 ,29231.00 ,2385451.00
2016/12/05,69.23 ,69.48 ,68.80 ,68.97 ,16511.00 ,1345802.00
2016/12/06,69.65 ,69.90 ,69.48 ,69.82 ,29762.00 ,2446504.00
2016/12/07,70.58 ,70.75 ,70.24 ,70.50 ,38118.00 ,3163814.00
2016/12/08,71.26 ,71.94 ,71.01 ,71.94 ,83403.00 ,7041036.00
2016/12/09,72.53 ,72.62 ,71.86 ,72.11 ,47933.00 ,4075058.00
2016/12/12,71.69 ,72.03 ,70.67 ,70.75 ,35560.00 ,2979457.00
2016/12/13,71.26 ,71.60 ,70.92 ,71.60 ,36527.00 ,3071478.00
2016/12/14,72.03 ,72.11 ,71.01 ,71.01 ,30200.00 ,2544571.00
2016/12/15,70.84 ,71.52 ,70.84 ,71.43 ,33238.00 ,2788792.00
2016/12/16,71.18 ,71.69 ,70.92 ,70.92 ,38931.00 ,3265986.00
2016/12/19,70.84 ,71.01 ,70.24 ,70.24 ,24351.00 ,2023334.00
2016/12/20,70.84 ,71.09 ,70.41 ,71.01 ,23623.00 ,1969722.00
2016/12/21,71.35 ,71.43 ,70.67 ,70.67 ,34041.00 ,2849351.00
2016/12/22,70.92 ,70.92 ,70.16 ,70.24 ,28033.00 ,2330930.00
2016/12/23,70.16 ,70.84 ,70.07 ,70.16 ,21893.00 ,1814343.00
2016/12/26,70.24 ,70.67 ,70.24 ,70.67 ,8157.00 ,678008.00
2016/12/27,70.84 ,70.92 ,70.41 ,70.84 ,8564.00 ,713905.00
2016/12/28,70.50 ,71.26 ,70.50 ,71.26 ,18399.00 ,1519137.00
2016/12/29,70.50 ,71.52 ,70.50 ,70.92 ,23802.00 ,1996176.00
2016/12/30,71.43 ,71.60 ,71.26 ,71.43 ,21649.00 ,1822757.00
2017/01/03,71.01 ,71.52 ,71.01 ,71.52 ,15416.00 ,1294730.00
2017/01/04,71.52 ,71.77 ,71.43 ,71.43 ,23873.00 ,2015096.00
2017/01/05,71.60 ,71.69 ,71.09 ,71.26 ,25436.00 ,2138359.00
2017/01/06,71.69 ,71.69 ,71.09 ,71.09 ,23040.00 ,1935817.00
2017/01/09,71.35 ,71.52 ,70.84 ,70.84 ,16896.00 ,1415345.00
2017/01/10,71.18 ,71.35 ,70.92 ,71.26 ,15941.00 ,1337490.00
2017/01/11,71.60 ,71.60 ,70.75 ,71.43 ,28156.00 ,2363577.00
2017/01/12,71.43 ,71.60 ,70.92 ,71.52 ,29006.00 ,2443370.00
2017/01/13,71.52 ,71.60 ,71.18 ,71.43 ,22849.00 ,1923697.00
2017/01/16,71.26 ,71.26 ,70.84 ,70.84 ,16511.00 ,1379370.00
2017/01/17,71.09 ,71.26 ,70.84 ,71.26 ,14589.00 ,1222155.00
2017/01/18,71.26 ,71.35 ,70.67 ,70.67 ,19363.00 ,1622184.00
2017/01/19,70.67 ,71.09 ,70.41 ,70.84 ,25925.00 ,2163893.00
2017/01/20,71.26 ,71.26 ,70.75 ,70.75 ,20360.00 ,1702872.00
2017/01/23,70.84 ,71.26 ,70.75 ,71.26 ,27882.00 ,2334639.00
2017/01/24,70.92 ,71.26 ,70.92 ,71.01 ,25450.00 ,2131316.00
2017/02/02,72.70 ,72.70 ,70.58 ,71.35 ,76617.00 ,6472870.00
2017/02/03,71.09 ,71.35 ,70.84 ,71.01 ,42945.00 ,3593104.00
2017/02/06,71.43 ,72.11 ,71.26 ,72.11 ,46842.00 ,3962892.00
2017/02/07,72.53 ,72.79 ,71.77 ,72.79 ,59870.00 ,5110915.00
2017/02/08,72.96 ,74.23 ,72.79 ,74.23 ,102312.00 ,8910275.00
2017/02/09,74.66 ,75.42 ,74.40 ,75.42 ,96976.00 ,8569636.00
2017/02/10,75.50 ,76.18 ,75.08 ,75.59 ,83062.00 ,7412105.00
2017/02/13,75.84 ,76.27 ,75.33 ,76.27 ,53359.00 ,4778802.00
2017/02/14,76.86 ,76.95 ,76.01 ,76.35 ,74367.00 ,6710505.00
2017/02/15,76.78 ,77.20 ,76.44 ,77.12 ,75728.00 ,6864474.00
2017/02/16,77.62 ,77.88 ,76.35 ,77.20 ,48156.00 ,4374391.00
2017/02/17,76.69 ,77.12 ,76.35 ,76.35 ,30377.00 ,2743524.00
2017/02/18,76.35 ,76.61 ,76.01 ,76.27 ,11328.00 ,1018267.00
2017/02/20,76.35 ,76.52 ,76.18 ,76.44 ,27647.00 ,2488888.00
2017/02/21,77.20 ,77.20 ,76.18 ,76.78 ,34779.00 ,3138985.00
2017/02/22,76.95 ,77.12 ,76.35 ,76.78 ,28270.00 ,2553170.00
2017/02/23,76.18 ,76.95 ,76.18 ,76.61 ,34602.00 ,3107744.00
2017/02/24,76.18 ,76.61 ,75.93 ,75.93 ,31979.00 ,2868819.00
2017/03/01,76.69 ,76.69 ,75.50 ,75.50 ,31754.00 ,2843694.00
2017/03/02,76.44 ,76.61 ,75.33 ,76.01 ,34409.00 ,3078002.00
2017/03/03,76.10 ,76.10 ,75.16 ,75.33 ,30052.00 ,2678443.00
2017/03/06,75.33 ,76.27 ,75.08 ,76.27 ,18565.00 ,1658642.00
2017/03/07,76.27 ,76.95 ,76.01 ,76.78 ,30330.00 ,2737855.00
2017/03/08,77.03 ,77.20 ,76.44 ,76.95 ,35419.00 ,3211508.00
2017/03/09,76.52 ,76.61 ,75.76 ,75.76 ,34394.00 ,3082605.00
2017/03/10,75.42 ,76.35 ,74.66 ,76.27 ,37663.00 ,3343082.00
2017/03/13,76.52 ,76.52 ,75.93 ,76.35 ,15412.00 ,1385569.00
2017/03/14,76.35 ,76.78 ,76.27 ,76.35 ,20693.00 ,1866210.00
2017/03/15,76.27 ,76.69 ,76.10 ,76.44 ,17686.00 ,1594078.00
2017/03/16,76.78 ,77.54 ,76.69 ,77.12 ,38964.00 ,3541630.00
2017/03/17,77.45 ,77.54 ,77.20 ,77.54 ,46804.00 ,4271848.00
2017/03/20,77.45 ,77.54 ,77.12 ,77.45 ,17142.00 ,1563641.00
2017/03/21,77.45 ,77.88 ,77.45 ,77.62 ,30747.00 ,2814560.00
2017/03/22,77.03 ,77.62 ,76.78 ,77.62 ,24413.00 ,2221365.00
2017/03/23,77.79 ,77.79 ,77.03 ,77.45 ,17899.00 ,1634367.00
2017/03/24,76.78 ,77.20 ,76.78 ,76.86 ,19735.00 ,1789859.00
2017/03/27,76.35 ,77.20 ,76.18 ,76.78 ,29369.00 ,2655857.00
2017/03/28,77.12 ,77.45 ,76.86 ,77.37 ,27414.00 ,2493639.00
2017/03/29,77.79 ,77.88 ,77.20 ,77.62 ,23560.00 ,2153907.00
2017/03/30,77.62 ,77.71 ,77.37 ,77.54 ,18735.00 ,1713186.00
2017/03/31,77.54 ,77.71 ,77.20 ,77.20 ,27342.00 ,2497432.00
2017/04/05,81.44 ,83.48 ,81.10 ,83.14 ,173212.00 ,16816271.00
2017/04/06,83.31 ,83.65 ,82.04 ,82.55 ,64742.00 ,6306242.00
2017/04/07,82.29 ,82.88 ,80.76 ,81.53 ,63423.00 ,6103584.00
2017/04/10,81.44 ,81.87 ,81.10 ,81.87 ,38875.00 ,3735940.00
2017/04/11,82.21 ,82.80 ,81.87 ,82.21 ,47063.00 ,4565073.00
2017/04/12,82.63 ,82.63 ,81.95 ,82.55 ,40250.00 ,3907517.00
2017/04/13,82.88 ,84.24 ,82.71 ,83.56 ,61732.00 ,6081861.00
2017/04/14,82.88 ,82.97 ,82.04 ,82.04 ,35856.00 ,3485429.00
2017/04/17,82.04 ,82.55 ,81.10 ,82.55 ,28643.00 ,2763636.00
2017/04/18,83.05 ,83.14 ,82.12 ,82.29 ,15171.00 ,1475163.00
2017/04/19,81.87 ,81.87 ,81.27 ,81.27 ,30855.00 ,2962867.00
2017/04/20,81.44 ,81.61 ,81.02 ,81.44 ,25323.00 ,2426738.00
2017/04/21,81.61 ,82.12 ,81.61 ,81.87 ,14639.00 ,1413842.00
2017/04/24,82.88 ,82.88 ,81.87 ,82.29 ,15423.00 ,1495593.00
2017/04/25,82.88 ,83.05 ,82.38 ,83.05 ,35547.00 ,3471374.00
2017/04/26,83.73 ,83.73 ,83.14 ,83.31 ,39698.00 ,3904120.00
2017/04/27,83.39 ,83.56 ,83.05 ,83.39 ,26801.00 ,2632612.00
2017/04/28,83.56 ,84.41 ,83.14 ,83.82 ,47126.00 ,4647125.00
2017/05/02,84.67 ,85.26 ,84.67 ,84.84 ,146011.00 ,14600738.00
2017/05/03,84.84 ,86.11 ,84.84 ,85.26 ,43599.00 ,4389370.00
2017/05/04,85.26 ,85.68 ,84.84 ,85.26 ,27758.00 ,2793177.00
2017/05/05,84.84 ,85.68 ,84.84 ,84.84 ,22247.00 ,2231793.00
2017/05/08,85.68 ,86.11 ,84.84 ,85.68 ,23208.00 ,2337152.00
2017/05/09,86.53 ,89.50 ,86.11 ,88.23 ,106299.00 ,11089336.00
2017/05/10,89.50 ,89.50 ,87.38 ,88.23 ,44982.00 ,4687034.00
2017/05/11,88.23 ,88.23 ,87.38 ,88.23 ,39791.00 ,4119466.00
2017/05/12,88.23 ,89.08 ,86.53 ,86.96 ,59017.00 ,6092376.00
2017/05/15,87.38 ,88.65 ,86.96 ,88.23 ,33740.00 ,3496582.00
2017/05/16,88.23 ,88.23 ,86.96 ,87.80 ,37905.00 ,3919509.00
2017/05/17,87.38 ,87.80 ,86.53 ,87.38 ,27976.00 ,2874514.00
2017/05/18,85.68 ,86.53 ,85.26 ,86.53 ,48593.00 ,4928110.00
2017/05/19,86.53 ,86.96 ,86.11 ,86.11 ,18775.00 ,1911102.00
2017/05/22,86.96 ,86.96 ,86.53 ,86.96 ,19574.00 ,2002281.00
2017/05/23,87.38 ,88.65 ,86.96 ,88.23 ,47835.00 ,4966307.00
2017/05/24,87.80 ,88.65 ,87.80 ,88.23 ,22403.00 ,2332369.00
2017/05/25,88.65 ,89.08 ,88.23 ,89.08 ,29549.00 ,3092548.00
2017/05/26,88.23 ,88.65 ,88.23 ,88.65 ,32313.00 ,3368874.00
2017/05/31,87.80 ,88.23 ,87.38 ,87.38 ,39270.00 ,4057296.00
2017/06/01,87.80 ,88.65 ,87.38 ,88.65 ,27441.00 ,2851027.00
2017/06/02,89.08 ,89.50 ,88.65 ,89.50 ,38194.00 ,4008520.00
2017/06/03,89.08 ,89.50 ,88.65 ,89.08 ,9968.00 ,1046425.00
2017/06/05,89.08 ,89.93 ,89.08 ,89.50 ,29383.00 ,3096213.00
2017/06/06,89.50 ,89.50 ,89.08 ,89.08 ,21309.00 ,2240531.00
2017/06/07,89.08 ,89.50 ,88.65 ,89.08 ,27310.00 ,2864892.00
2017/06/08,89.08 ,89.50 ,88.65 ,89.08 ,15154.00 ,1592538.00
2017/06/09,89.08 ,89.93 ,89.08 ,89.08 ,34929.00 ,3673085.00
2017/06/12,87.38 ,87.80 ,86.53 ,86.53 ,49986.00 ,5132226.00
2017/06/13,85.68 ,86.96 ,85.68 ,86.53 ,42832.00 ,4351938.00
2017/06/14,86.96 ,87.38 ,85.68 ,86.53 ,41192.00 ,4197916.00
2017/06/15,86.96 ,87.38 ,86.53 ,86.96 ,22903.00 ,2347374.00
2017/06/16,86.96 ,89.08 ,86.96 ,89.08 ,55593.00 ,5792108.00
2017/06/19,89.93 ,93.32 ,89.93 ,92.90 ,91950.00 ,9967807.00
2017/06/20,94.59 ,97.56 ,94.59 ,97.14 ,90852.00 ,10298716.00
2017/06/21,96.29 ,96.71 ,95.02 ,95.86 ,69994.00 ,7905844.00
2017/06/22,95.86 ,97.14 ,95.02 ,95.44 ,59437.00 ,6729021.00
2017/06/23,95.86 ,96.71 ,95.44 ,95.44 ,37930.00 ,4287781.00
2017/06/26,96.29 ,102.65 ,95.86 ,101.80 ,139000.00 ,16469160.00
2017/06/27,100.95 ,103.92 ,100.95 ,103.08 ,83973.00 ,10148867.00
2017/06/28,101.80 ,102.65 ,100.11 ,100.11 ,99401.00 ,11890167.00
2017/06/29,101.38 ,101.80 ,100.53 ,100.95 ,48517.00 ,5781129.00
2017/06/30,99.68 ,100.11 ,98.41 ,99.26 ,68372.00 ,7995817.00
2017/07/03,98.41 ,100.11 ,98.41 ,98.83 ,48446.00 ,5650701.00
2017/07/04,98.83 ,99.26 ,95.86 ,95.86 ,65450.00 ,7491628.00
2017/07/05,96.29 ,98.41 ,95.86 ,98.41 ,58318.00 ,6682942.00
2017/07/06,97.99 ,97.99 ,96.71 ,97.99 ,31861.00 ,3661029.00
2017/07/07,97.14 ,97.56 ,96.71 ,97.14 ,32707.00 ,3742883.00
2017/07/10,97.56 ,98.41 ,97.14 ,97.99 ,45153.00 ,5205726.00
2017/07/11,99.26 ,100.53 ,98.83 ,100.53 ,75118.00 ,8852444.00
2017/07/12,100.53 ,101.38 ,100.11 ,100.53 ,91355.00 ,10838373.00
2017/07/13,101.85 ,102.29 ,101.41 ,101.85 ,83078.00 ,9607891.00
2017/07/14,102.29 ,102.29 ,101.41 ,101.85 ,35813.00 ,4140224.00
2017/07/17,102.29 ,102.29 ,101.41 ,101.85 ,35526.00 ,4107831.00
