年月日,開盤價(元),最高價(元),最低價(元),收盤價(元),成交量(千股)
2012/06/01,55.33,55.33,54.11,54.11,66924 
2012/06/04,51.81,52.21,51.53,51.81,66008 
2012/06/05,52.48,52.96,52.28,52.96,37616 
2012/06/06,52.96,53.23,52.48,52.69,33715 
2012/06/07,53.77,54.04,53.23,54.04,47699 
2012/06/08,52.14,53.29,52.14,52.75,35987 
2012/06/11,54.11,54.51,53.9,54.45,40596 
2012/06/12,53.16,54.04,53.16,53.77,38319 
2012/06/13,54.72,54.72,53.84,54.18,32284 
2012/06/14,54.18,54.31,53.57,53.63,31161 
2012/06/15,53.63,53.84,52.89,52.89,89900 
2012/06/18,54.18,54.85,54.18,54.72,33737 
2012/06/19,54.78,54.78,54.18,54.51,28910 
2012/06/20,55.06,55.26,54.51,55.26,35326 
2012/06/21,54.51,54.85,54.38,54.58,27063 
2012/06/22,54.18,54.85,54.11,54.24,31117 
2012/06/25,54.72,54.72,53.57,53.9,40786 
2012/06/26,53.5,53.57,53.02,53.29,42391 
2012/06/27,53.02,53.84,52.96,53.7,32770 
2012/06/28,54.18,54.38,53.84,54.11,33113 
2012/06/29,53.9,55.06,53.7,55.06,50919 
2012/07/02,55.19,56.68,55.19,56.41,64377 
2012/07/03,56.61,57.49,56.48,57.02,60850 
2012/07/04,57.65,57.65,57.02,57.02,44220 
2012/07/05,57.58,57.58,56.67,56.88,28556 
2012/07/06,56.88,56.88,56.25,56.81,38187 
2012/07/09,56.11,56.39,55.9,56.18,45060 
2012/07/10,55.76,56.11,55.19,55.54,37141 
2012/07/11,54.84,54.98,54.35,54.84,59419 
2012/07/12,54.42,54.42,53.16,53.16,69235 
2012/07/13,52.6,53.37,52.31,53.23,52310 
2012/07/16,53.58,53.58,53.02,53.02,41994 
2012/07/17,52.31,52.81,52.31,52.53,51879 
2012/07/18,52.67,52.88,52.53,52.53,38710 
2012/07/19,53.93,54.77,53.93,54.42,62113 
2012/07/20,53.65,54.07,53.51,53.86,49932 
2012/07/23,52.74,52.74,51.82,52.17,57536 
2012/07/24,52.17,52.53,52.1,52.53,39973 
2012/07/25,52.67,52.81,52.24,52.38,72480 
2012/07/26,53.16,53.86,52.81,53.58,47155 
2012/07/27,54.7,55.76,54.21,55.69,73460 
2012/07/30,56.18,56.46,55.33,55.47,51381 
2012/07/31,55.12,56.88,55.12,56.88,68248 
2012/08/01,56.25,56.53,55.76,56.18,43525 
2012/08/03,55.83,56.25,55.62,56.04,47301 
2012/08/06,56.81,57.23,56.67,56.81,58469 
2012/08/07,57.09,57.16,56.67,57.16,40186 
2012/08/08,57.51,57.51,56.25,56.53,40138 
2012/08/09,57.09,57.79,57.09,57.79,54299 
2012/08/10,57.79,57.86,57.02,57.58,30075 
2012/08/13,58.85,58.85,57.93,58.07,30295 
2012/08/14,58.28,58.85,58.14,58.42,33337 
2012/08/15,58.78,58.78,57.93,58.28,27500 
2012/08/16,58.28,58.56,57.93,58.21,28242 
2012/08/17,58.28,58.42,57.58,57.58,30136 
2012/08/20,58.07,58.07,57.51,57.86,26037 
2012/08/21,58.07,58.92,58.07,58.7,36886 
2012/08/22,58.35,58.56,57.51,57.86,33635 
2012/08/23,57.86,58.14,57.72,58.07,22367 
2012/08/24,57.79,57.79,57.37,57.58,25494 
2012/08/27,58.21,58.63,57.86,58.28,25735 
2012/08/28,57.79,58.56,57.58,57.86,32428 
2012/08/29,58.,58.28,57.65,58.07,18467 
2012/08/30,57.79,58.42,57.79,58.07,46031 
2012/08/31,57.86,58.49,57.86,58.49,13536 
2012/09/03,58.63,58.92,58.14,58.92,20795 
2012/09/04,58.99,58.99,58.63,58.99,21703 
2012/09/05,58.28,58.49,57.51,57.58,43302 
2012/09/06,58.14,58.14,56.88,56.95,25873 
2012/09/07,58.28,58.92,58.14,58.85,44499 
2012/09/10,58.49,58.7,58.42,58.63,23048 
2012/09/11,59.13,59.48,58.99,59.27,31624 
2012/09/12,59.34,59.62,59.34,59.34,37513 
2012/09/13,59.34,59.69,59.34,59.69,29680 
2012/09/14,60.11,60.74,60.04,60.74,52174 
2012/09/17,61.02,61.09,60.25,60.74,26567 
2012/09/18,60.74,60.74,59.97,60.18,35898 
2012/09/19,60.32,60.67,59.76,60.39,43594 
2012/09/20,60.39,60.39,59.76,59.9,26839 
2012/09/21,60.39,60.74,59.9,60.18,51084 
2012/09/24,60.18,60.67,59.76,60.46,30360 
2012/09/25,60.25,60.53,60.18,60.32,35919 
2012/09/26,59.97,60.67,59.69,60.67,36962 
2012/09/27,60.95,61.65,60.53,61.51,55641 
2012/09/28,62.22,63.06,62.15,63.06,70929 
2012/10/01,62.64,62.64,62.01,62.43,38173 
2012/10/02,62.64,63.06,62.43,62.92,35734 
2012/10/03,62.92,63.13,62.71,63.06,32589 
2012/10/04,63.13,63.62,62.85,63.62,39780 
2012/10/05,63.9,64.11,63.48,63.9,42175 
2012/10/08,63.9,63.9,62.5,62.57,40762 
2012/10/09,61.23,62.15,61.16,61.16,61216 
2012/10/11,59.76,60.18,59.55,60.04,77901 
2012/10/12,60.11,60.6,59.9,60.6,24739 
2012/10/15,60.46,60.67,59.97,60.67,19652 
2012/10/16,60.88,61.44,60.88,61.44,29927 
2012/10/17,61.65,61.79,60.74,61.37,35886 
2012/10/18,61.09,61.93,61.09,61.86,23090 
2012/10/19,60.53,61.3,60.53,60.88,27673 
2012/10/22,60.6,60.6,60.11,60.39,21235 
2012/10/23,60.32,60.6,60.11,60.18,16192 
2012/10/24,59.76,60.67,59.76,59.97,30208 
2012/10/25,59.97,60.11,59.34,59.55,39418 
2012/10/26,60.74,62.01,60.6,61.3,68297 
2012/10/29,62.01,62.57,61.51,61.86,37746 
2012/10/30,62.36,62.5,61.58,61.79,30349 
2012/10/31,61.79,62.36,61.72,62.29,26035 
2012/11/01,62.22,62.64,61.58,62.64,36018 
2012/11/02,63.2,63.27,62.85,63.13,39106 
2012/11/05,63.13,63.41,62.36,63.41,31496 
2012/11/06,63.62,63.62,62.99,63.48,26410 
2012/11/07,63.55,63.9,63.2,63.9,22104 
2012/11/08,63.76,63.83,63.13,63.55,39982 
2012/11/09,63.41,63.83,62.85,63.76,38435 
2012/11/12,63.9,64.46,63.62,64.11,29957 
2012/11/13,63.9,63.9,62.71,63.41,41761 
2012/11/14,63.2,63.83,62.85,63.55,31098 
2012/11/15,63.13,63.62,62.5,63.34,25096 
2012/11/16,62.64,63.41,62.64,63.34,33802 
2012/11/19,62.99,63.55,62.99,63.2,24008 
2012/11/20,63.2,63.48,63.06,63.48,21474 
2012/11/21,63.41,63.83,62.64,63.55,30262 
2012/11/22,63.41,64.11,63.41,64.11,20798 
2012/11/23,64.32,67.06,64.25,67.06,64301 
2012/11/26,67.06,67.13,66.64,66.92,40021 
2012/11/27,66.43,67.62,66.22,67.62,50925 
2012/11/28,67.27,67.48,66.92,67.34,63210 
2012/11/29,67.41,68.33,67.06,67.76,56516 
2012/11/30,67.41,69.38,67.34,69.31,76884 
2012/12/03,69.03,69.24,67.97,68.75,44060 
2012/12/04,68.04,68.25,66.92,67.83,43075 
2012/12/05,66.43,68.18,66.43,68.04,60542 
2012/12/06,67.83,68.04,67.48,67.83,33501 
2012/12/07,68.18,69.17,68.18,68.89,37114 
2012/12/10,68.75,68.82,67.76,67.76,30865 
2012/12/11,68.33,69.03,67.9,69.03,40668 
2012/12/12,69.03,69.17,68.25,69.1,42272 
2012/12/13,69.03,69.8,68.75,69.66,45585 
2012/12/14,68.96,69.24,68.47,69.1,34112 
2012/12/17,67.69,68.61,67.55,68.11,46715 
2012/12/18,66.71,67.9,66.71,67.9,35430 
2012/12/19,67.9,68.33,67.55,68.33,27889 
2012/12/20,67.48,68.04,66.78,67.41,35517 
2012/12/21,66.78,67.76,66.43,66.57,34754 
2012/12/22,67.2,67.55,66.71,67.2,8384 
2012/12/24,67.41,67.69,66.78,66.85,17215 
2012/12/25,67.41,68.33,67.13,67.76,16006 
2012/12/26,67.76,68.33,67.41,67.41,12055 
2012/12/27,67.55,67.9,67.06,67.13,24204 
2012/12/28,67.97,68.11,67.34,68.11,25705 
2013/01/02,68.54,70.15,68.18,69.94,40647 
2013/01/03,70.57,71.63,70.22,70.92,44335 
2013/01/04,70.57,71.27,70.22,71.27,39502 
2013/01/07,70.92,70.92,69.59,70.57,42328 
2013/01/08,69.94,70.22,69.45,70.01,31218 
2013/01/09,70.57,70.57,69.66,70.22,26417 
2013/01/10,70.15,70.92,69.87,70.92,41234 
2013/01/11,71.27,71.27,70.57,70.92,22993 
2013/01/14,70.92,71.63,70.22,71.63,23575 
2013/01/15,71.63,71.63,70.08,70.57,36015 
2013/01/16,70.57,70.57,69.66,69.66,35496 
2013/01/17,70.57,70.92,69.17,69.73,40526 
2013/01/18,71.27,71.27,70.57,71.27,49874 
2013/01/21,70.92,70.92,70.22,70.57,17310 
2013/01/22,70.92,70.92,70.15,70.92,21946 
2013/01/23,71.27,71.27,70.22,70.92,30821 
2013/01/24,70.22,70.57,69.66,70.15,40653 
2013/01/25,70.15,70.15,68.82,69.52,48674 
2013/01/28,69.31,69.87,69.24,69.73,29190 
2013/01/29,70.22,71.27,70.01,70.92,36060 
2013/01/30,71.63,71.63,70.57,71.27,28862 
2013/01/31,70.57,71.27,70.22,71.27,42489 
2013/02/01,71.27,71.27,70.57,71.27,23211 
2013/02/04,71.63,72.33,71.63,72.33,35257 
2013/02/05,72.33,72.33,71.27,72.33,17896 
2013/02/06,72.68,73.73,72.33,73.73,32330 
2013/02/18,75.14,76.19,74.79,75.14,64345 
2013/02/19,76.19,76.19,74.79,75.14,22103 
2013/02/20,76.19,76.89,75.84,76.54,41921 
2013/02/21,76.19,76.19,75.14,75.14,30551 
2013/02/22,74.43,74.79,73.73,74.08,39577 
2013/02/23,74.79,75.49,74.43,75.14,10174 
2013/02/25,74.79,75.14,73.73,73.73,37216 
2013/02/26,72.68,73.73,71.98,72.68,38498 
2013/02/27,71.63,73.38,70.92,73.38,81358 
2013/03/01,72.33,73.73,71.98,73.73,35081 
2013/03/04,73.38,73.38,71.27,71.63,55265 
2013/03/05,72.68,73.03,71.98,73.03,56213 
2013/03/06,73.03,73.38,72.33,73.03,38026 
2013/03/07,72.68,73.03,72.33,72.33,20783 
2013/03/08,72.33,73.38,71.63,72.68,46036 
2013/03/11,71.63,73.03,71.63,71.63,36093 
2013/03/12,71.63,72.33,71.27,71.98,30064 
2013/03/13,71.98,73.73,71.63,73.38,57955 
2013/03/14,73.03,73.38,72.33,73.03,33067 
2013/03/15,73.73,73.73,72.33,72.33,35632 
2013/03/18,71.63,71.63,70.57,70.57,44188 
2013/03/19,70.92,71.27,69.94,70.22,50765 
2013/03/20,69.87,69.87,69.38,69.38,64024 
2013/03/21,69.38,70.57,69.31,69.31,58467 
2013/03/22,69.24,69.59,68.82,68.82,44937 
2013/03/25,70.15,70.57,69.66,69.87,25469 
2013/03/26,69.66,69.8,69.38,69.52,27220 
2013/03/27,69.52,70.57,69.38,70.57,29969 
2013/03/28,70.22,70.57,69.73,70.22,29558 
2013/03/29,70.22,70.92,70.08,70.57,19003 
2013/04/01,70.92,71.63,70.57,70.92,16374 
2013/04/02,70.57,70.92,70.08,70.57,22334 
2013/04/03,71.27,71.27,70.22,70.57,27097 
2013/04/08,69.52,69.87,69.17,69.17,58367 
2013/04/09,68.82,69.17,68.47,68.47,41316 
2013/04/10,69.38,69.38,68.61,69.03,36746 
2013/04/11,69.52,71.27,69.38,71.27,57867 
2013/04/12,71.27,71.27,70.22,70.57,19568 
2013/04/15,70.57,70.92,69.59,69.8,23440 
2013/04/16,68.96,70.92,68.96,70.57,35918 
2013/04/17,71.27,71.27,70.01,70.22,35897 
2013/04/18,70.22,70.92,69.8,70.15,33083 
2013/04/19,74.08,74.79,74.08,74.79,66950 
2013/04/22,76.19,76.89,75.49,76.19,72502 
2013/04/23,74.79,75.49,74.08,74.43,46146 
2013/04/24,74.79,75.14,73.38,74.43,35495 
2013/04/25,74.43,75.14,74.08,75.14,26287 
2013/04/26,75.14,76.54,75.14,76.19,36776 
2013/04/29,76.19,76.19,75.49,75.84,21092 
2013/04/30,76.19,76.89,76.19,76.89,34612 
2013/05/02,77.24,77.95,76.54,77.59,38796 
2013/05/03,78.3,79.,77.24,77.24,36621 
2013/05/06,78.3,78.3,77.59,78.3,19393 
2013/05/07,78.65,79.35,77.95,79.,22448 
2013/05/08,79.,80.75,79.,80.4,42509 
2013/05/09,81.46,81.46,80.4,80.75,27606 
2013/05/10,80.75,80.75,79.7,80.4,27536 
2013/05/13,80.75,81.11,80.05,80.4,18263 
2013/05/14,81.11,81.81,80.75,81.11,27855 
2013/05/15,80.75,81.46,79.7,80.75,29107 
2013/05/16,80.75,81.46,79.35,79.7,45770 
2013/05/17,78.65,79.7,78.3,79.7,19316 
2013/05/20,79.,80.05,79.,80.05,16882 
2013/05/21,79.35,79.7,78.65,79.,17238 
2013/05/22,79.,79.7,77.95,78.65,34068 
2013/05/23,77.59,78.3,75.84,75.84,46874 
2013/05/24,76.89,77.59,76.19,76.89,26736 
2013/05/27,76.89,78.65,76.89,78.65,19161 
2013/05/28,78.65,79.,76.89,76.89,22762 
2013/05/29,77.59,78.65,77.59,77.95,16781 
2013/05/30,77.95,78.3,76.89,77.24,36121 
2013/05/31,78.3,78.3,76.54,76.89,37205 
2013/06/03,75.84,76.19,74.79,75.49,35834 
2013/06/04,76.54,77.24,75.49,76.54,27476 
2013/06/05,76.89,77.59,76.19,76.89,25581 
2013/06/06,76.19,76.89,75.14,75.49,34251 
2013/06/07,75.84,76.89,75.84,76.19,33085 
2013/06/10,77.24,77.24,75.84,76.19,21941 
2013/06/11,77.24,77.24,75.84,75.84,37162 
2013/06/13,74.43,75.14,73.03,73.38,61059 
2013/06/14,73.73,74.43,73.38,74.43,41207 
2013/06/17,74.08,74.43,73.73,74.43,23014 
2013/06/18,73.73,74.79,73.38,74.79,31676 
2013/06/19,74.43,74.79,73.73,74.08,22084 
2013/06/20,73.73,74.08,72.68,73.03,29998 
2013/06/21,71.63,72.68,71.27,72.68,39844 
2013/06/24,71.98,71.98,70.22,70.92,54091 
2013/06/25,70.92,72.33,70.92,70.92,33897 
2013/06/26,72.33,73.03,71.27,71.27,55865 
2013/06/27,72.33,73.73,72.33,73.38,46982 
2013/06/28,74.43,77.95,73.73,77.95,74514 
2013/07/01,76.54,76.89,75.84,75.84,51935 
2013/07/02,76.54,77.24,76.19,77.24,44982 
2013/07/03,77.24,77.24,76.16,77.24,44740 
2013/07/04,76.88,77.24,76.52,77.24,24500 
2013/07/05,77.6,79.05,77.24,78.69,28276 
2013/07/08,77.24,77.97,75.44,75.8,32770 
2013/07/09,75.44,76.88,74.72,76.52,35511 
2013/07/10,75.44,77.24,75.44,76.52,22082 
2013/07/11,77.6,79.05,77.6,79.05,56918 
2013/07/12,79.05,79.41,78.33,79.41,31046 
2013/07/15,78.33,79.05,77.97,79.05,33373 
2013/07/16,78.33,78.69,77.24,77.97,35961 
2013/07/17,77.97,78.69,77.24,78.69,40121 
2013/07/18,77.6,77.97,76.16,76.16,53223 
2013/07/19,71.76,71.97,70.89,70.89,123330 
2013/07/22,70.75,71.03,69.95,70.02,88048 
2013/07/23,71.11,73.27,71.11,72.19,85595 
2013/07/24,72.55,74.36,72.19,73.63,58355 
2013/07/25,73.63,74.72,72.91,73.99,37559 
2013/07/26,74.36,74.36,72.91,73.99,31817 
2013/07/29,72.19,73.27,72.19,72.19,38334 
2013/07/30,72.55,73.99,72.55,73.63,33871 
2013/07/31,73.27,74.36,72.91,73.99,36997 
2013/08/01,73.63,73.63,72.19,72.55,32509 
2013/08/02,73.99,74.36,72.19,72.55,28039 
2013/08/05,72.19,73.27,72.12,72.55,23372 
2013/08/06,72.55,72.55,71.18,71.32,42787 
2013/08/07,71.11,71.11,70.02,70.02,45969 
2013/08/08,69.3,70.1,68.8,69.59,55873 
2013/08/09,72.19,72.19,69.59,69.59,47192 
2013/08/12,69.59,69.81,69.01,69.3,33454 
2013/08/13,69.3,70.31,69.3,70.17,34392 
2013/08/14,69.3,70.24,69.16,69.88,44023 
2013/08/15,69.59,69.59,68.8,69.3,42687 
2013/08/16,68.87,70.39,68.72,69.66,37698 
2013/08/19,68.94,69.37,68.8,68.94,52061 
2013/08/20,68.72,68.87,68.15,68.15,42471 
2013/08/22,67.14,68.51,67.06,68.22,60311 
2013/08/23,69.09,70.24,68.94,70.02,44454 
2013/08/26,70.46,70.46,69.37,69.88,18698 
2013/08/27,69.3,69.88,69.01,69.01,24474 
2013/08/28,69.01,70.24,68.65,69.88,35977 
2013/08/29,69.95,71.4,69.95,71.25,52396 
2013/08/30,71.9,72.55,71.32,72.55,38965 
2013/09/02,72.19,73.63,71.9,73.63,30859 
2013/09/03,74.36,74.36,73.27,73.63,33838 
2013/09/04,72.55,73.27,72.19,72.55,25229 
2013/09/05,72.55,73.27,72.19,73.27,35890 
2013/09/06,73.63,73.63,72.91,73.63,25342 
2013/09/09,73.99,74.36,72.91,74.36,33083 
2013/09/10,74.36,75.44,73.99,75.44,37392 
2013/09/11,74.36,75.44,73.99,75.44,41349 
2013/09/12,74.36,75.44,74.36,74.72,32865 
2013/09/13,73.99,74.36,73.63,73.99,23635 
2013/09/14,73.99,74.72,73.63,73.99,5222 
2013/09/16,75.08,76.16,75.08,76.16,40693 
2013/09/17,76.16,76.16,75.44,76.16,25467 
2013/09/18,75.8,76.16,74.36,74.36,34987 
2013/09/23,74.36,76.52,73.99,76.16,57281 
2013/09/24,75.8,76.16,75.08,75.8,28676 
2013/09/25,75.44,75.44,74.36,74.36,35289 
2013/09/26,74.72,74.72,73.27,73.27,23059 
2013/09/27,74.72,74.72,73.63,74.36,26663 
2013/09/30,72.55,73.63,72.19,72.55,46224 
2013/10/01,72.55,73.99,72.55,73.27,22927 
2013/10/02,74.72,74.72,73.63,74.36,14707 
2013/10/03,74.72,76.52,74.36,75.8,50840 
2013/10/04,75.44,75.8,74.72,75.08,21986 
2013/10/07,74.72,75.08,73.63,74.36,24399 
2013/10/08,74.72,76.16,74.36,75.8,35150 
2013/10/09,75.08,76.16,74.36,75.8,26186 
2013/10/11,75.8,77.6,75.8,76.88,59435 
2013/10/14,76.88,76.88,75.8,75.8,18800 
2013/10/15,76.88,77.24,76.52,77.24,21681 
2013/10/16,77.97,77.97,76.52,76.52,19077 
2013/10/17,77.6,77.97,77.24,77.24,28186 
2013/10/18,78.33,79.41,78.33,79.41,60125 
2013/10/21,80.13,80.49,79.05,79.41,41327 
2013/10/22,79.41,80.49,79.05,80.49,39837 
2013/10/23,80.13,80.49,79.41,80.13,23057 
2013/10/24,78.69,79.41,78.33,79.41,21570 
2013/10/25,78.33,78.69,76.88,77.24,37244 
2013/10/28,77.97,79.05,77.6,79.05,21241 
2013/10/29,78.33,79.05,77.97,79.05,21531 
2013/10/30,78.69,79.41,78.69,79.41,16768 
2013/10/31,78.33,79.05,77.97,79.05,23098 
2013/11/01,79.77,79.77,78.33,79.05,10870 
2013/11/04,77.97,78.69,77.97,78.69,9642 
2013/11/05,78.33,78.69,76.88,76.88,21861 
2013/11/06,76.88,77.6,76.88,77.24,17440 
2013/11/07,77.24,77.6,76.52,77.24,15944 
2013/11/08,75.8,76.88,75.8,76.52,31481 
2013/11/11,75.8,76.52,75.44,75.44,21491 
2013/11/12,76.52,76.52,75.44,75.8,31992 
2013/11/13,75.8,75.8,74.36,74.36,26708 
2013/11/14,75.08,75.44,74.72,74.72,29933 
2013/11/15,74.72,75.44,74.72,75.08,19904 
2013/11/18,75.44,75.8,75.08,75.08,25297 
2013/11/19,75.44,76.16,75.08,75.8,34510 
2013/11/20,75.08,75.08,73.99,74.36,46675 
2013/11/21,73.63,74.36,72.55,72.91,57002 
2013/11/22,72.19,73.27,72.19,72.19,57158 
2013/11/25,72.91,73.99,72.91,72.91,30949 
2013/11/26,73.63,75.8,73.27,74.72,47194 
2013/11/27,75.8,76.16,75.44,75.8,22853 
2013/11/28,75.8,76.16,75.44,75.8,22995 
2013/11/29,75.44,75.8,75.08,75.8,34465 
2013/12/02,75.8,76.16,75.08,75.44,19042 
2013/12/03,75.08,75.8,74.72,75.08,26811 
2013/12/04,74.72,76.16,74.72,75.8,23630 
2013/12/05,75.8,75.8,74.72,75.08,25209 
2013/12/06,74.36,75.44,74.36,74.36,25358 
2013/12/09,75.08,75.8,75.08,75.8,23971 
2013/12/10,75.44,75.8,75.08,75.08,22935 
2013/12/11,74.72,75.8,74.72,75.8,24614 
2013/12/12,75.44,75.44,74.36,74.36,18536 
2013/12/13,73.99,74.72,73.99,73.99,28297 
2013/12/16,73.99,74.36,73.63,73.63,18772 
2013/12/17,74.36,75.44,74.36,74.72,26232 
2013/12/18,73.99,74.36,72.91,72.91,66102 
2013/12/19,73.63,74.36,73.27,73.99,27824 
2013/12/20,73.27,74.72,73.27,73.63,37618 
2013/12/23,74.36,75.44,74.36,75.08,28393 
2013/12/24,75.08,75.08,74.36,74.36,14079 
2013/12/25,73.99,74.72,73.99,74.36,9789 
2013/12/26,74.36,75.08,74.36,75.08,6793 
2013/12/27,74.72,75.44,74.36,75.44,24135 
2013/12/30,75.08,76.52,75.08,76.52,44280 
2013/12/31,76.16,76.52,75.8,76.16,24484 
2014/01/02,75.8,76.16,74.72,75.44,15133 
2014/01/03,74.36,74.36,73.63,73.99,41160 
2014/01/06,73.63,74.36,73.63,73.99,23729 
2014/01/07,73.99,74.36,73.63,73.63,18803 
2014/01/08,74.36,75.44,73.99,75.08,30933 
2014/01/09,73.99,74.36,72.55,72.91,64221 
2014/01/10,73.63,73.99,73.27,73.63,36289 
2014/01/13,74.36,74.72,73.99,74.36,22080 
2014/01/14,73.99,74.72,73.63,74.72,21718 
2014/01/15,75.08,76.52,75.08,75.8,54458 
2014/01/16,76.52,77.6,76.52,77.24,49601 
2014/01/17,77.97,78.33,77.24,77.6,55767 
2014/01/20,77.24,78.33,77.24,77.6,24299 
2014/01/21,78.33,78.33,76.52,76.88,25121 
2014/01/22,76.52,77.6,76.52,77.6,28726 
2014/01/23,78.33,78.33,77.6,77.6,28308 
2014/01/24,77.24,78.33,77.24,77.97,34059 
2014/01/27,76.52,76.88,75.08,75.8,65271 
2014/02/05,73.63,73.63,72.55,72.55,147198 
2014/02/06,72.91,74.36,72.91,73.63,73840 
2014/02/07,74.72,75.44,74.36,75.08,54185 
2014/02/10,75.08,75.44,74.36,74.36,26243 
2014/02/11,75.44,75.8,75.08,75.44,23523 
2014/02/12,75.8,76.16,75.44,75.8,25305 
2014/02/13,75.8,76.52,75.8,75.8,19625 
2014/02/14,76.88,77.6,76.88,77.6,42737 
2014/02/17,77.97,78.33,77.6,78.33,34368 
2014/02/18,78.33,78.33,77.6,77.97,22289 
2014/02/19,77.97,77.97,77.24,77.97,28886 
2014/02/20,76.88,77.24,76.52,76.88,28469 
2014/02/21,77.24,77.6,77.24,77.6,31505 
2014/02/24,77.6,77.97,76.52,77.24,32057 
2014/02/25,77.6,77.97,76.88,77.97,34350 
2014/02/26,77.6,77.97,77.24,77.6,34982 
2014/02/27,77.6,77.97,77.6,77.97,49352 
2014/03/03,77.97,77.97,76.88,77.97,62467 
2014/03/04,77.97,77.97,77.6,77.6,48939 
2014/03/05,78.33,79.41,78.33,79.41,55447 
2014/03/06,79.41,81.94,79.41,81.57,72622 
2014/03/07,82.3,83.02,81.94,82.66,66916 
2014/03/10,82.66,82.66,81.21,81.57,38430 
2014/03/11,81.94,82.66,81.94,82.3,29182 
2014/03/12,81.21,81.57,80.85,81.57,18414 
2014/03/13,84.1,84.82,83.38,84.1,59080 
2014/03/14,83.02,83.38,82.3,83.02,47105 
2014/03/17,82.66,83.02,81.57,82.3,33910 
2014/03/18,82.66,83.02,81.94,82.66,37517 
2014/03/19,82.66,83.02,81.94,82.66,35237 
2014/03/20,81.57,81.94,80.85,80.85,46512 
2014/03/21,82.3,82.3,80.85,81.21,60438 
2014/03/24,80.49,81.21,80.49,81.21,29607 
2014/03/25,80.49,81.94,80.49,81.94,38070 
2014/03/26,83.38,83.74,82.66,83.38,45234 
2014/03/27,82.66,83.74,82.3,83.74,31399 
2014/03/28,83.74,84.82,83.38,84.82,43794 
2014/03/31,85.18,85.54,84.1,85.54,47146 
2014/04/01,85.91,86.27,85.54,86.27,40636 
2014/04/02,86.99,87.35,85.91,86.63,43684 
2014/04/03,85.54,85.91,84.82,85.54,37000 
2014/04/07,84.82,85.18,84.1,84.82,45254 
2014/04/08,84.46,86.27,84.46,85.91,43894 
2014/04/09,86.27,86.63,85.91,85.91,29648 
2014/04/10,85.91,86.27,85.54,86.27,27215 
2014/04/11,85.54,86.63,85.18,86.63,34847 
2014/04/14,86.63,87.35,86.63,86.99,31053 
2014/04/15,87.71,88.43,87.35,88.43,29397 
2014/04/16,87.71,88.43,87.35,87.35,51075 
2014/04/17,86.99,87.71,85.91,86.63,36418 
2014/04/18,88.43,88.79,87.35,88.79,32921 
2014/04/21,88.07,88.07,87.35,87.71,24162 
2014/04/22,87.35,88.43,86.99,87.71,27034 
2014/04/23,88.79,88.79,86.99,87.35,34358 
2014/04/24,87.35,87.35,86.63,87.35,25524 
2014/04/25,87.35,87.35,85.18,85.54,49438 
2014/04/28,85.54,86.63,84.82,85.91,28068 
2014/04/29,86.99,87.35,85.91,86.99,21811 
2014/04/30,86.63,86.99,84.46,85.55,44124 
2014/05/02,85.91,86.27,84.46,85.18,45030 
2014/05/05,84.82,85.18,83.74,84.46,28887 
2014/05/06,84.46,85.91,84.1,85.18,27525 
2014/05/07,85.18,85.91,84.82,85.55,33276 
2014/05/08,86.27,86.63,85.91,86.27,30096 
2014/05/09,86.63,86.63,85.91,86.63,23287 
2014/05/12,86.27,86.63,84.82,85.55,37048 
2014/05/13,86.63,87.35,86.27,86.99,24046 
2014/05/14,87.35,88.07,86.99,88.07,32903 
2014/05/15,87.35,88.07,86.99,88.07,16813 
2014/05/16,88.07,88.79,87.35,88.07,28679 
2014/05/19,88.07,88.43,87.35,87.35,20829 
2014/05/20,88.07,88.07,87.35,87.35,25402 
2014/05/21,88.07,88.07,86.99,86.99,24218 
2014/05/22,87.71,88.07,87.35,88.07,26336 
2014/05/23,87.35,88.43,87.35,88.07,31778 
2014/05/26,88.79,89.15,88.07,88.79,19854 
2014/05/27,88.43,89.52,88.43,89.15,18301 
2014/05/28,89.52,89.52,88.43,89.52,37799 
2014/05/29,89.15,89.52,87.71,88.07,43079 
2014/05/30,88.07,88.43,86.27,86.27,69113 
2014/06/03,86.63,88.43,86.63,88.43,40522 
2014/06/04,89.15,89.52,88.79,89.15,33486 
2014/06/05,88.79,89.15,87.71,88.79,19558 
2014/06/06,89.15,89.15,88.07,88.43,19282 
2014/06/09,88.43,89.15,88.43,88.79,19730 
2014/06/10,88.79,89.88,88.43,89.88,26661 
2014/06/11,89.52,90.24,89.15,90.24,27990 
2014/06/12,89.52,89.52,88.79,89.15,22300 
2014/06/13,88.79,89.15,88.43,88.79,17197 
2014/06/16,88.43,89.52,88.43,89.52,13737 
2014/06/17,89.52,90.24,88.79,90.24,20568 
2014/06/18,90.24,91.32,89.52,90.6,38103 
2014/06/19,89.88,90.96,89.88,90.96,25211 
2014/06/20,91.32,91.68,89.52,89.88,31589 
2014/06/23,90.24,90.6,88.79,88.79,25147 
2014/06/24,88.79,89.15,88.07,88.79,36234 
2014/06/25,88.79,89.88,88.79,89.15,31028 
2014/06/26,89.88,90.24,89.15,89.88,33938 
2014/06/27,90.24,91.32,89.52,90.6,44450 
2014/06/30,90.96,91.68,90.24,91.32,38191 
2014/07/01,91.32,92.76,90.96,92.4,33022 
2014/07/02,93.49,95.65,93.12,95.65,51623 
2014/07/03,94.93,97.46,94.21,97.1,41188 
2014/07/04,96.37,98.18,95.29,97.46,44516 
2014/07/07,97.1,98.18,95.65,98.18,32207 
2014/07/08,97.82,98.18,96.73,97.1,36299 
2014/07/09,96.37,97.46,96.37,96.73,39336 
2014/07/10,97.1,98.18,97.1,97.1,51132 
2014/07/11,98.18,99.62,97.82,98.54,43513 
2014/07/14,99.28,99.28,97.8,97.8,46818 
2014/07/15,98.17,98.91,97.8,98.17,37976 
2014/07/16,98.17,98.54,95.96,96.32,42072 
2014/07/17,92.27,92.63,90.79,91.9,138665 
2014/07/18,89.68,91.53,89.68,91.16,97366 
2014/07/21,91.53,91.9,90.42,91.16,58994 
2014/07/22,91.16,92.27,90.42,91.9,53307 
2014/07/24,91.9,92.27,91.53,92.27,66041 
2014/07/25,91.9,92.27,90.42,90.79,31609 
2014/07/28,90.05,90.42,89.31,89.68,43514 
2014/07/29,90.42,91.53,90.05,91.53,40749 
2014/07/30,91.16,92.27,90.79,91.9,32428 
2014/07/31,91.53,91.53,89.31,89.31,44806 
2014/08/01,88.57,89.31,88.21,88.57,61873 
2014/08/04,88.57,91.16,88.57,91.16,39730 
2014/08/05,90.42,90.42,88.21,88.21,61536 
2014/08/06,87.84,89.68,87.84,88.94,38043 
2014/08/07,88.94,89.68,88.21,89.68,30079 
2014/08/08,88.94,89.31,88.21,88.94,35170 
2014/08/11,88.57,89.31,88.21,88.94,42993 
2014/08/12,89.31,90.05,88.94,89.68,32278 
2014/08/13,89.31,91.16,88.94,90.42,39837 
2014/08/14,91.16,91.53,90.79,91.53,32955 
2014/08/15,91.9,92.27,90.79,91.53,19189 
2014/08/18,91.53,91.53,90.42,90.79,14766 
2014/08/19,91.53,92.27,91.16,91.53,31922 
2014/08/20,92.27,92.63,91.9,92.63,28975 
2014/08/21,93.,93.,91.53,91.9,23089 
2014/08/22,91.9,93.,91.16,92.63,42775 
2014/08/25,92.63,93.,92.27,92.27,21107 
2014/08/26,92.27,92.63,91.53,91.9,30428 
2014/08/27,92.63,93.,91.9,92.63,36839 
2014/08/28,93.,93.,91.9,92.27,21759 
2014/08/29,91.9,92.27,91.53,91.53,28358 
2014/09/01,92.27,94.85,92.27,94.85,37523 
2014/09/02,94.48,94.48,92.63,93.,20057 
2014/09/03,93.74,94.48,92.63,94.48,24642 
2014/09/04,94.48,94.48,93.,94.11,22110 
2014/09/05,94.85,94.85,92.63,93.74,20128 
2014/09/09,94.11,94.11,93.37,93.74,24359 
2014/09/10,93.,93.,91.53,92.27,29718 
2014/09/11,93.,93.,92.27,92.27,24328 
2014/09/12,91.9,92.27,90.79,90.79,20299 
2014/09/15,90.42,91.16,90.05,91.16,19643 
2014/09/16,90.79,90.79,90.05,90.42,19248 
2014/09/17,91.16,92.27,90.79,91.9,24018 
2014/09/18,91.9,92.27,91.16,92.27,14791 
2014/09/19,92.63,93.,92.27,92.27,30781 
2014/09/22,91.53,91.53,90.05,90.05,40658 
2014/09/23,90.79,91.16,90.05,90.42,16208 
2014/09/24,90.05,91.53,90.05,90.79,28552 
2014/09/25,90.79,91.53,89.68,90.05,23840 
2014/09/26,89.31,89.68,88.94,89.31,25408 
2014/09/29,90.05,90.05,88.57,88.94,55071 
2014/09/30,88.57,89.31,87.84,88.57,52027 
2014/10/01,88.57,90.05,88.57,89.68,42581 
2014/10/02,89.31,90.42,88.94,89.31,30795 
2014/10/03,90.42,92.27,90.05,91.9,52042 
2014/10/06,92.27,93.,91.53,93.,39292 
2014/10/07,92.27,92.63,91.16,92.27,40188 
2014/10/08,91.16,92.27,90.42,90.42,30938 
2014/10/09,91.53,92.27,91.16,92.27,37115 
2014/10/13,87.84,89.68,87.1,88.94,77985 
2014/10/14,88.57,89.68,88.21,89.31,31887 
2014/10/15,89.68,90.79,89.31,89.68,50496 
2014/10/16,89.68,91.53,88.57,89.68,46431 
2014/10/17,92.27,92.63,91.16,91.16,92077 
2014/10/20,92.27,93.,91.9,93.,38619 
2014/10/21,93.,93.,91.9,92.27,25647 
2014/10/22,94.11,95.22,94.11,95.22,65855 
2014/10/23,94.48,94.85,94.11,94.11,28085 
2014/10/24,93.74,94.11,92.27,92.63,42161 
2014/10/27,93.37,94.48,93.37,94.48,25145 
2014/10/28,95.22,95.59,94.11,94.48,35018 
2014/10/29,95.22,95.59,94.48,95.22,34860 
2014/10/30,94.85,95.22,93.74,94.85,35723 
2014/10/31,94.48,96.32,94.11,96.32,42413 
2014/11/03,97.43,97.8,96.32,96.69,45307 
2014/11/04,97.43,97.43,96.69,97.43,32566 
2014/11/05,97.06,97.43,96.69,97.43,22638 
2014/11/06,97.8,97.8,97.06,97.43,28559 
2014/11/07,97.06,97.06,96.32,96.69,17385 
2014/11/10,97.8,99.28,97.43,99.28,43174 
2014/11/11,99.65,99.65,98.17,98.91,20484 
2014/11/12,99.28,99.28,97.06,97.43,27434 
2014/11/13,98.54,99.28,97.8,98.91,25055 
2014/11/14,98.91,99.65,98.54,99.65,24361 
2014/11/17,99.65,100.02,97.8,98.17,24772 
2014/11/18,98.91,99.28,96.69,97.06,43227 
2014/11/19,98.17,100.75,97.8,100.38,71400 
2014/11/20,101.49,102.6,101.12,102.6,44216 
2014/11/21,102.97,102.97,101.49,102.23,30621 
2014/11/24,103.34,103.71,101.86,102.23,33408 
2014/11/25,102.23,103.34,102.23,102.6,42940 
2014/11/26,102.23,102.6,101.86,102.6,23201 
2014/11/27,103.34,104.81,103.34,103.34,26580 
2014/11/28,102.6,104.44,102.6,104.44,36077 
2014/12/01,102.6,104.81,102.23,103.34,50115 
2014/12/02,102.97,102.97,101.49,101.49,54781 
2014/12/03,101.49,102.6,100.75,101.86,40184 
2014/12/04,102.6,103.34,102.23,102.6,28276 
2014/12/05,102.23,102.97,101.12,101.49,29431 
2014/12/08,101.86,102.23,101.12,101.86,19854 
2014/12/09,101.86,102.6,101.49,101.86,31926 
2014/12/10,101.86,102.6,100.38,100.38,39845 
2014/12/11,99.65,100.38,99.28,99.28,41669 
2014/12/12,99.65,100.38,99.28,99.65,31504 
2014/12/15,99.28,100.75,99.28,100.38,45196 
2014/12/16,99.28,100.02,98.17,98.17,41273 
2014/12/17,98.17,98.17,95.96,96.32,84670 
2014/12/18,97.43,98.17,96.69,97.06,51896 
2014/12/19,99.28,101.86,98.91,101.86,44591 
2014/12/22,101.49,103.34,101.12,102.23,34995 
2014/12/23,102.6,103.34,101.12,101.49,19157 
2014/12/24,100.38,101.86,100.38,101.86,16722 
2014/12/25,101.12,101.86,101.12,101.49,7392 
2014/12/26,101.86,102.6,101.12,102.6,13183 
2014/12/27,102.6,102.6,101.49,102.23,4823 
2014/12/29,101.86,104.08,101.86,104.08,35075 
2014/12/30,104.08,104.44,102.6,103.34,23590 
2014/12/31,102.6,104.08,102.6,104.08,18351 
2015/01/05,103.71,103.71,101.49,102.97,32214 
2015/01/06,101.49,101.49,98.17,98.54,67649 
2015/01/07,98.54,99.65,98.54,98.91,43886 
2015/01/08,100.75,101.86,100.38,101.86,42551 
2015/01/09,99.65,100.02,98.17,98.91,61920 
2015/01/12,97.8,98.54,97.43,97.43,30402 
2015/01/13,96.69,98.17,96.32,97.8,38093 
2015/01/14,97.8,98.17,95.96,95.96,49447 
2015/01/15,97.06,98.17,97.06,97.06,40996 
2015/01/16,103.34,103.34,100.38,101.12,129035 
2015/01/19,102.23,102.97,101.49,102.6,50175 
2015/01/20,102.6,102.6,101.49,101.86,33795 
2015/01/21,102.97,104.08,102.97,104.08,77292 
2015/01/22,104.44,104.81,102.97,103.34,45654 
2015/01/23,105.18,107.03,105.18,107.03,82359 
2015/01/26,107.4,107.4,105.92,107.03,46941 
2015/01/27,107.4,108.5,106.66,108.5,53362 
2015/01/28,108.13,108.5,107.4,108.13,48373 
2015/01/29,106.29,107.03,105.55,105.92,36887 
2015/01/30,107.03,107.4,104.08,104.08,44413 
2015/02/02,103.71,105.55,103.71,105.18,30382 
2015/02/03,105.55,106.66,104.81,106.66,27234 
2015/02/04,106.66,108.13,106.29,107.77,43152 
2015/02/05,107.4,107.77,105.92,107.4,25327 
2015/02/06,107.4,107.4,105.55,105.55,28668 
2015/02/09,105.55,105.92,104.44,104.81,26650 
2015/02/10,104.81,105.55,104.44,105.18,33452 
2015/02/11,107.77,109.98,107.77,109.24,71429 
2015/02/12,110.35,110.35,108.87,109.61,35027 
2015/02/13,109.61,110.72,109.24,109.61,38571 
2015/02/24,109.98,112.19,109.61,111.46,74443 
2015/02/25,112.56,114.04,112.56,114.04,48326 
2015/02/26,113.3,113.67,111.09,111.09,58406 
2015/03/02,111.83,112.93,109.61,109.98,41706 
2015/03/03,110.72,111.46,109.61,111.09,29205 
2015/03/04,110.72,111.83,109.98,111.09,32781 
2015/03/05,110.72,111.46,109.61,110.72,29851 
2015/03/06,109.98,110.35,109.61,109.98,33211 
2015/03/09,108.87,108.87,107.03,107.4,67545 
2015/03/10,107.03,107.03,106.29,106.29,46859 
2015/03/11,105.92,109.24,105.55,107.77,51828 
2015/03/12,108.5,109.61,108.13,109.24,32364 
2015/03/13,109.24,110.35,108.5,109.98,46407 
2015/03/16,109.98,110.35,107.77,107.77,37462 
2015/03/17,109.61,110.72,109.61,109.98,55770 
2015/03/18,111.46,113.67,110.72,113.3,71220 
2015/03/19,112.56,114.41,112.56,113.67,43512 
2015/03/20,111.83,113.67,111.83,113.67,38594 
2015/03/23,113.67,113.67,112.56,113.3,26369 
2015/03/24,113.3,113.3,111.83,111.83,38207 
2015/03/25,112.19,112.56,111.09,111.46,50140 
2015/03/26,107.4,108.5,106.66,107.4,162835 
2015/03/27,106.29,107.4,105.18,105.18,112919 
2015/03/30,105.18,106.29,104.81,105.18,64898 
2015/03/31,106.29,107.4,105.55,107.4,56918 
2015/04/01,107.03,107.03,105.92,106.29,39056 
2015/04/02,107.03,109.24,106.66,108.5,52174 
2015/04/07,108.13,108.87,107.03,107.77,34901 
2015/04/08,107.4,107.77,105.55,105.55,49474 
2015/04/09,106.29,107.4,105.55,105.55,47243 
2015/04/10,107.77,108.5,107.03,108.5,33908 
2015/04/13,108.13,108.87,107.77,108.5,26427 
2015/04/14,107.03,107.4,105.92,106.29,41702 
2015/04/15,105.92,106.66,104.44,105.55,71626 
2015/04/16,107.03,108.5,106.66,108.5,55563 
2015/04/17,105.55,106.29,105.18,105.18,79007 
2015/04/20,104.81,106.29,104.44,105.55,43593 
2015/04/21,104.81,105.92,104.44,105.18,40892 
2015/04/22,105.92,107.03,105.55,105.92,40631 
2015/04/23,107.4,108.5,107.03,108.5,47851 
2015/04/24,109.98,112.56,109.61,112.56,135458 
2015/04/27,112.93,112.93,110.72,111.83,58112 
2015/04/28,113.3,113.3,111.09,111.83,43295 
2015/04/29,110.72,111.46,109.24,109.61,37440 
2015/04/30,108.5,109.61,108.13,108.5,48982 
2015/05/04,109.61,109.61,107.77,108.87,30868 
2015/05/05,108.87,109.24,107.77,108.5,27789 
2015/05/06,107.4,109.24,107.4,108.87,18824 
2015/05/07,107.77,108.87,107.77,108.13,21908 
2015/05/08,107.77,108.87,107.77,108.13,20035 
2015/05/11,109.98,109.98,108.5,109.61,20402 
2015/05/12,108.5,109.61,108.5,108.87,24956 
2015/05/13,108.87,109.98,108.5,109.24,19437 
2015/05/14,109.24,109.61,107.77,107.77,39888 
2015/05/15,108.5,108.5,107.03,108.13,24831 
2015/05/18,108.5,108.5,107.03,108.13,26212 
2015/05/19,107.4,108.87,107.03,108.13,26321 
2015/05/20,108.13,108.5,107.77,108.13,26984 
2015/05/21,107.77,108.13,106.66,107.4,41286 
2015/05/22,107.77,108.5,107.03,107.4,22103 
2015/05/25,108.13,108.87,107.4,108.87,16323 
2015/05/26,109.61,109.61,108.13,108.13,16069 
2015/05/27,107.4,108.5,107.03,107.03,24257 
2015/05/28,108.5,108.87,107.77,108.5,36704 
2015/05/29,108.5,108.87,107.4,107.77,61983 
2015/06/01,107.4,107.77,106.29,107.03,31646 
2015/06/02,106.66,106.66,105.92,106.29,33433 
2015/06/03,105.92,106.66,105.55,105.55,30174 
2015/06/04,104.81,105.18,103.34,104.08,62313 
2015/06/05,102.97,103.71,102.6,103.34,42846 
2015/06/08,102.97,103.34,102.23,102.23,45637 
2015/06/09,102.23,103.34,101.86,102.6,31663 
2015/06/10,104.08,104.44,102.97,102.97,37243 
2015/06/11,104.08,106.29,104.08,105.92,46455 
2015/06/12,106.29,106.66,105.18,106.66,35243 
2015/06/15,106.66,106.66,105.18,105.55,23775 
2015/06/16,105.55,105.55,104.08,104.81,28696 
2015/06/17,105.55,105.92,104.81,105.18,31675 
2015/06/18,104.81,105.55,104.81,104.81,28627 
2015/06/22,104.81,105.92,104.81,104.81,29598 
2015/06/23,105.55,107.03,105.18,106.66,37809 
2015/06/24,106.66,107.03,105.92,107.03,21134 
2015/06/25,107.03,108.5,107.03,108.13,45571 
2015/06/26,108.5,108.87,107.4,107.77,34170 
2015/06/29,107.,107.38,105.48,105.48,53096 
2015/06/30,105.86,107.,105.48,107.,45375 
2015/07/01,106.62,108.53,105.86,107.38,33330 
2015/07/02,107.,108.15,107.,107.77,24309 
2015/07/03,107.77,108.53,106.62,108.53,17091 
2015/07/06,107.38,107.77,107.,107.,20683 
2015/07/07,107.38,108.15,107.,107.,26545 
2015/07/08,107.,107.38,105.1,105.1,52066 
2015/07/09,102.05,105.1,102.05,103.96,53784 
2015/07/13,104.34,106.24,104.34,105.48,35404 
2015/07/14,106.24,107.,105.1,105.48,27574 
2015/07/15,105.86,106.24,105.1,105.48,23485 
2015/07/16,106.62,106.62,103.2,103.96,37250 
2015/07/17,105.1,106.62,105.1,106.62,55848 
2015/07/20,107.77,108.15,105.48,105.86,27906 
2015/07/21,107.38,107.77,106.24,107.,21857 
2015/07/22,105.86,106.24,105.1,105.86,27408 
2015/07/23,104.34,104.72,103.58,103.58,38176 
2015/07/24,105.1,105.1,103.58,104.34,39062 
2015/07/27,102.82,103.2,102.05,102.05,45080 
2015/07/28,102.82,103.96,102.05,102.05,35777 
2015/07/29,102.82,103.58,102.43,103.2,30500 
2015/07/30,103.58,105.86,103.58,105.48,37085 
2015/07/31,107.,107.,104.72,106.24,40479 
2015/08/03,105.48,105.48,102.43,102.43,33815 
2015/08/04,102.82,103.96,102.43,103.96,27514 
2015/08/05,103.2,103.2,102.05,102.05,28577 
2015/08/06,103.58,103.58,100.53,102.05,39658 
2015/08/07,101.29,101.67,100.15,101.29,30591 
2015/08/10,99.77,99.77,95.58,98.25,65582 
2015/08/11,101.67,101.67,99.39,99.39,65988 
2015/08/12,98.63,99.01,97.1,97.86,45838 
2015/08/13,98.25,99.01,97.1,97.48,43697 
2015/08/14,97.48,97.86,95.2,95.96,40366 
2015/08/17,95.58,95.58,93.68,94.44,38956 
2015/08/18,95.2,96.34,95.2,95.96,41823 
2015/08/19,97.1,97.1,94.44,95.2,47213 
2015/08/20,94.82,95.96,94.06,95.96,38767 
2015/08/21,93.68,94.82,92.15,92.15,67341 
2015/08/24,91.39,92.15,85.68,87.58,118882 
2015/08/25,89.87,94.44,89.49,94.06,99479 
2015/08/26,92.15,94.82,91.01,93.3,65899 
2015/08/27,95.2,95.2,92.91,94.44,53549 
2015/08/28,96.72,96.72,94.82,95.2,41879 
2015/08/31,95.96,98.25,94.06,98.25,57088 
2015/09/01,97.1,97.1,94.44,94.44,42394 
2015/09/02,93.68,96.72,93.68,95.58,37232 
2015/09/03,97.1,97.1,95.2,96.72,24054 
2015/09/04,96.34,96.72,94.06,95.2,23047 
2015/09/07,94.82,95.96,92.91,93.3,26152 
2015/09/08,93.3,94.06,92.91,93.68,15112 
2015/09/09,96.34,98.25,96.34,98.25,53969 
2015/09/10,96.72,97.48,95.2,95.2,34029 
2015/09/11,95.58,97.1,94.44,97.1,24548 
2015/09/14,97.48,98.25,95.96,97.1,25582 
2015/09/15,97.1,97.48,95.58,95.96,22223 
2015/09/16,97.48,99.01,97.1,98.63,44137 
2015/09/17,99.39,100.15,99.01,99.77,52529 
2015/09/18,98.63,100.15,98.25,100.15,32590 
2015/09/21,99.01,99.01,97.86,98.63,35271 
2015/09/22,99.01,99.01,97.86,98.25,18378 
2015/09/23,96.72,97.1,94.82,94.82,35523 
2015/09/24,96.72,97.48,95.58,96.72,44708 
2015/09/25,96.72,97.1,95.2,96.72,24688 
2015/09/30,97.48,99.77,96.72,99.01,76377 
2015/10/01,99.77,102.05,98.63,101.67,53400 
2015/10/02,100.91,100.91,100.15,100.53,25252 
2015/10/05,101.29,101.67,100.15,100.91,30895 
2015/10/06,102.82,103.2,100.91,101.29,49925 
2015/10/07,101.67,102.82,101.29,102.82,32541 
2015/10/08,104.34,104.34,102.82,103.58,32054 
2015/10/12,104.34,105.86,103.96,105.48,51617 
2015/10/13,105.48,105.48,103.58,104.72,37227 
2015/10/14,103.96,104.72,103.58,103.96,65521 
2015/10/15,105.86,107.38,105.86,106.62,73316 
2015/10/16,104.34,104.72,103.58,104.72,37189 
2015/10/19,105.48,105.86,104.34,105.1,26173 
2015/10/20,105.86,105.86,104.72,105.86,28795 
2015/10/21,106.24,106.62,104.72,105.48,20006 
2015/10/22,105.1,105.48,104.34,104.72,15168 
2015/10/23,106.62,107.,105.86,106.62,35666 
2015/10/26,107.,107.,105.86,106.62,24412 
2015/10/27,105.48,106.62,104.72,105.86,26557 
2015/10/28,104.34,105.86,104.34,105.1,22557 
2015/10/29,105.86,106.24,103.96,103.96,20463 
2015/10/30,104.34,104.72,103.58,103.96,28293 
2015/11/02,105.48,105.48,103.2,104.72,22789 
2015/11/03,105.48,106.62,105.1,106.24,36442 
2015/11/04,107.77,110.05,107.38,110.05,75685 
2015/11/05,109.67,110.05,108.53,108.53,37827 
2015/11/06,109.67,109.67,105.86,106.62,51889 
2015/11/09,107.38,108.91,107.,108.15,24863 
2015/11/10,107.77,107.77,105.86,106.24,23336 
2015/11/11,107.,107.,103.96,104.72,29463 
2015/11/12,105.48,105.86,105.1,105.48,16485 
2015/11/13,104.72,105.86,103.58,103.58,22956 
2015/11/16,102.05,103.2,102.05,102.82,32132 
2015/11/17,105.1,106.62,104.72,105.48,28224 
2015/11/18,106.24,106.62,103.96,104.34,29455 
2015/11/19,105.48,107.,105.1,107.,28723 
2015/11/20,107.,107.38,106.62,107.38,21649 
2015/11/23,107.38,107.77,106.62,107.38,20543 
2015/11/24,106.62,107.77,106.24,106.24,23245 
2015/11/25,106.24,107.38,105.48,107.38,34540 
2015/11/26,107.38,108.53,106.62,108.53,32927 
2015/11/27,108.91,108.91,105.86,105.86,26742 
2015/11/30,103.96,105.86,103.58,105.86,110350 
2015/12/01,107.,108.53,105.48,108.53,48931 
2015/12/02,109.67,109.67,108.15,108.53,31767 
2015/12/03,107.77,108.91,107.77,108.53,28204 
2015/12/04,107.38,108.53,107.,107.,31780 
2015/12/07,108.15,110.05,108.15,109.29,41097 
2015/12/08,109.29,109.67,107.38,108.53,34037 
2015/12/09,108.15,108.15,107.,107.,30640 
2015/12/10,107.,107.77,105.86,107.38,41487 
2015/12/11,107.38,108.15,105.86,106.24,32030 
2015/12/14,104.72,106.24,104.72,105.86,37666 
2015/12/15,106.24,107.,105.1,105.1,27973 
2015/12/16,108.15,109.67,107.38,109.29,58669 
2015/12/17,110.05,110.43,108.91,110.43,34710 
2015/12/18,108.91,110.43,108.15,108.15,41615 
2015/12/21,107.77,108.53,107.,107.77,26939 
2015/12/22,107.38,108.15,107.,108.15,17209 
2015/12/23,107.38,108.91,107.,107.77,18152 
2015/12/24,108.91,109.29,108.15,108.15,13495 
2015/12/25,108.15,109.29,108.15,108.91,6168 
2015/12/28,109.29,109.67,108.91,109.29,10831 
2015/12/29,109.29,109.67,107.77,108.15,12968 
2015/12/30,108.53,109.67,108.15,108.53,14713 
2015/12/31,108.15,109.67,107.38,108.91,18677 
2016/01/04,108.53,109.29,105.86,106.24,43800 
2016/01/05,105.86,106.62,104.34,105.1,46502 
2016/01/06,105.1,105.1,102.82,103.2,53873 
2016/01/07,102.43,102.82,99.39,101.29,63475 
2016/01/08,100.53,102.82,100.53,102.05,52641 
2016/01/11,101.29,102.43,99.39,101.29,48536 
2016/01/12,101.29,102.05,100.15,101.29,35133 
2016/01/13,101.67,103.2,101.29,101.67,50237 
2016/01/14,99.39,100.53,99.39,100.15,39498 
2016/01/15,104.72,105.1,103.2,104.34,79648 
2016/01/18,102.82,105.1,102.43,104.34,37008 
2016/01/19,104.72,105.1,103.58,105.1,24995 
2016/01/20,104.72,104.72,101.67,102.43,44423 
2016/01/21,102.05,103.96,102.05,102.82,31957 
2016/01/22,103.96,105.48,103.58,105.48,33926 
2016/01/25,106.62,106.62,105.86,106.24,27213 
2016/01/26,104.72,105.86,104.34,104.72,24102 
2016/01/27,105.86,106.24,105.48,106.24,24547 
2016/01/28,105.1,107.,105.1,106.62,37913 
2016/01/29,105.48,108.91,105.1,108.91,57557 
2016/01/30,108.53,108.91,107.38,108.15,11865 
2016/02/01,109.67,109.67,107.77,109.67,43828 
2016/02/02,109.67,110.05,107.77,108.53,25400 
2016/02/03,110.43,111.19,110.05,111.19,71652 
2016/02/15,108.15,111.57,108.15,110.43,77064 
2016/02/16,111.19,112.72,110.81,112.34,56361 
2016/02/17,113.48,113.48,111.95,112.72,38486 
2016/02/18,114.24,115.,113.86,115.,61877 
2016/02/19,113.48,115.,113.48,115.,37444 
2016/02/22,113.86,116.14,113.86,115.,29751 
2016/02/23,114.62,115.,113.48,113.86,22500 
2016/02/24,113.86,114.62,111.95,112.72,22082 
2016/02/25,113.48,115.,113.1,114.62,25233 
2016/02/26,115.,115.38,112.72,113.48,46425 
2016/03/01,113.1,115.76,113.1,115.76,44046 
2016/03/02,117.29,117.67,116.52,116.52,36101 
2016/03/03,117.29,117.67,116.52,117.29,28867 
2016/03/04,116.52,116.9,115.38,116.14,37794 
2016/03/07,116.14,116.9,115.,115.76,24052 
2016/03/08,115.,115.76,113.86,115.76,40643 
2016/03/09,115.76,116.52,114.62,116.52,24634 
2016/03/10,116.52,117.67,115.38,117.67,31343 
2016/03/11,117.67,118.05,116.52,118.05,31297 
2016/03/14,119.19,119.95,118.43,118.81,32987 
2016/03/15,118.05,119.19,116.52,117.67,29437 
2016/03/16,118.43,118.81,117.29,118.81,31126 
2016/03/17,121.47,121.86,119.95,120.71,52228 
2016/03/18,120.71,121.47,120.71,121.47,57866 
2016/03/21,121.86,121.86,120.33,121.86,27687 
2016/03/22,121.47,121.47,119.57,120.71,29303 
2016/03/23,120.71,121.47,120.33,121.47,29439 
2016/03/24,120.33,121.09,119.57,120.71,25198 
2016/03/25,120.71,121.09,119.57,120.33,10970 
2016/03/28,120.33,121.09,119.57,121.09,15857 
2016/03/29,120.71,121.47,120.33,121.09,19152 
2016/03/30,120.71,123.38,120.71,123.,46113 
2016/03/31,123.38,124.14,121.09,123.38,54094 
2016/04/01,122.62,122.62,119.95,120.71,34544 
2016/04/06,118.43,118.81,116.9,116.9,63133 
2016/04/07,118.05,118.05,116.14,117.67,35933 
2016/04/08,117.29,120.33,117.29,119.95,42324 
2016/04/11,118.81,121.09,118.43,120.71,23189 
2016/04/12,119.95,121.47,119.95,120.71,14877 
2016/04/13,121.86,123.38,121.47,123.,40333 
2016/04/14,123.38,123.76,121.86,123.,31377 
2016/04/15,119.57,121.86,118.81,121.47,50339 
2016/04/18,120.33,120.71,119.95,120.33,20876 
2016/04/19,121.86,122.62,119.57,119.95,27622 
2016/04/20,119.95,120.33,117.29,117.29,43418 
2016/04/21,118.81,119.57,117.29,119.57,30419 
2016/04/22,118.43,120.33,118.05,119.19,29237 
2016/04/25,119.19,119.95,118.81,119.95,14669 
2016/04/26,119.19,120.71,119.19,120.33,18539 
2016/04/27,118.81,119.95,118.43,119.19,36967 
2016/04/28,119.95,120.33,116.52,116.52,49282 
2016/04/29,115.,115.,113.48,114.24,75959 
2016/05/03,112.72,113.1,111.57,112.34,68909 
2016/05/04,111.95,113.48,111.57,111.95,55586 
2016/05/05,112.34,113.1,111.19,112.34,40687 
2016/05/06,113.1,113.1,111.95,112.72,39401 
2016/05/09,113.1,113.48,111.57,112.34,39783 
2016/05/10,111.95,112.72,111.57,111.95,39210 
2016/05/11,113.1,113.48,111.57,111.95,45610 
2016/05/12,111.95,112.72,111.19,111.19,24008 
2016/05/13,110.43,110.81,108.91,109.67,60713 
2016/05/16,108.91,110.81,108.91,110.05,32239 
2016/05/17,110.81,111.95,110.43,111.95,32716 
2016/05/18,111.19,111.95,110.43,111.95,31106 
2016/05/19,112.72,113.1,110.81,111.95,35192 
2016/05/20,112.34,113.86,111.95,113.1,38046 
2016/05/23,114.62,117.67,113.86,117.29,50174 
2016/05/24,116.14,116.9,115.,115.,25677 
2016/05/25,116.9,118.05,116.14,117.67,35410 
2016/05/26,117.67,118.05,116.9,118.05,18822 
2016/05/27,118.81,119.19,117.67,119.19,26617 
2016/05/30,119.57,120.33,118.05,119.57,38311 
2016/05/31,119.19,119.95,118.05,119.19,70177 
2016/06/01,118.81,121.09,118.81,121.09,27743 
2016/06/02,121.09,121.86,120.33,121.09,21999 
2016/06/03,121.09,122.24,121.09,122.24,32020 
2016/06/04,121.86,121.86,121.47,121.86,2631 
2016/06/06,122.62,123.38,121.86,122.62,28898 
2016/06/07,123.,124.52,122.62,123.38,47573 
2016/06/08,124.9,126.42,124.52,126.04,45587 
2016/06/13,122.62,123.76,122.62,123.38,54689 
2016/06/14,122.62,124.14,122.62,123.38,27823 
2016/06/15,123.38,124.14,122.62,124.14,29328 
2016/06/16,123.,123.76,121.47,122.24,36957 
2016/06/17,123.76,125.28,123.38,124.14,31326 
2016/06/20,125.28,125.66,124.14,124.14,24949 
2016/06/21,124.9,126.04,124.52,126.04,28042 
2016/06/22,125.28,126.42,124.52,126.42,30409 
2016/06/23,126.04,126.42,124.9,124.9,22592 
2016/06/24,124.9,124.9,117.67,121.09,86994 
2016/06/27,122.28,123.47,121.89,123.07,43401 
2016/06/28,123.07,124.66,122.68,124.26,39095 
2016/06/29,125.45,126.63,125.05,125.84,32131 
2016/06/30,127.43,129.01,126.24,128.61,42854 
2016/07/01,130.2,131.38,129.4,131.38,36577 
2016/07/04,130.99,131.78,130.2,131.38,25968 
2016/07/05,130.59,130.99,129.8,129.8,16422 
2016/07/06,129.01,129.01,127.03,127.82,35100 
2016/07/07,129.4,130.59,129.01,130.2,24442 
2016/07/11,134.55,134.94,133.36,134.55,53434 
2016/07/12,135.34,135.74,134.15,135.34,42128 
2016/07/13,134.15,134.55,132.17,133.36,51719 
2016/07/14,132.17,134.55,132.17,133.76,36131 
2016/07/15,132.97,134.15,131.78,134.15,41822 
2016/07/18,132.97,134.55,132.97,134.15,24774 
2016/07/19,134.94,134.94,133.76,134.94,43707 
2016/07/20,134.55,134.94,133.76,134.55,39076 
2016/07/21,135.34,136.13,134.55,136.13,35220 
2016/07/22,136.13,136.13,134.94,135.34,29804 
2016/07/25,136.13,136.92,133.76,135.74,27180 
2016/07/26,136.13,136.92,135.74,136.92,32736 
2016/07/27,138.51,139.3,138.11,138.51,36108 
2016/07/28,138.51,139.69,136.92,139.69,31138 
2016/07/29,140.09,140.09,136.53,136.53,30008 
2016/08/01,138.51,140.09,138.11,140.09,34703 
2016/08/02,140.48,140.48,138.9,139.3,15366 
2016/08/03,136.53,137.71,136.13,136.53,21652 
2016/08/04,136.92,138.11,136.53,138.11,14292 
2016/08/05,138.51,140.48,137.71,140.09,25803 
2016/08/08,140.88,140.88,139.69,140.88,16241 
2016/08/09,141.28,142.07,140.09,141.28,16443 
2016/08/10,141.67,142.07,140.88,142.07,19307 
2016/08/11,140.48,140.88,138.9,139.69,28216 
2016/08/12,141.28,141.28,140.09,140.48,23986 
2016/08/15,141.28,141.67,140.48,141.67,13660 
2016/08/16,140.88,141.67,138.51,138.9,34284 
2016/08/17,140.09,140.48,139.3,140.09,24169 
2016/08/18,139.3,139.69,138.51,139.3,27899 
2016/08/19,140.09,140.48,137.71,138.11,23496 
2016/08/22,136.92,137.71,135.74,136.92,21822 
2016/08/23,137.71,138.51,137.32,137.71,21467 
2016/08/24,138.51,138.9,137.32,137.32,12532 
2016/08/25,138.51,140.09,138.11,140.09,23973 
2016/08/26,138.51,140.09,138.51,140.09,15804 
2016/08/29,138.51,140.09,137.71,139.69,16967 
2016/08/30,139.3,139.69,137.71,138.11,19752 
2016/08/31,139.69,140.09,138.11,139.3,42461 
2016/09/01,139.3,139.3,136.92,137.32,26101 
2016/09/02,139.69,139.69,137.71,138.11,19489 
2016/09/05,139.69,140.48,139.69,139.69,27982 
2016/09/06,140.09,141.67,139.69,141.67,29646 
2016/09/07,142.86,146.42,142.46,145.63,50851 
2016/09/08,144.44,146.02,144.44,144.84,30307 
2016/09/09,143.25,143.25,142.07,142.07,30635 
2016/09/10,140.09,141.67,139.3,140.88,15470 
2016/09/12,140.48,140.48,137.71,138.51,42751 
2016/09/13,139.69,139.69,137.32,138.51,38438 
2016/09/14,137.71,139.3,137.32,137.32,52966 
2016/09/19,142.07,144.84,141.28,144.44,57296 
2016/09/20,144.05,145.23,143.65,144.84,23647 
2016/09/21,143.25,145.63,142.86,145.63,26261 
2016/09/22,146.42,146.82,145.23,146.82,21213 
2016/09/23,146.42,148.4,146.02,148.4,23141 
2016/09/26,145.23,146.42,144.84,144.84,25218 
2016/09/29,146.82,148.4,146.82,146.82,57778 
2016/09/30,146.82,147.61,144.44,144.44,45163 
2016/10/03,147.21,147.61,146.02,147.21,18987 
2016/10/04,146.42,148.,146.42,148.,17139 
2016/10/05,147.21,147.21,146.02,147.21,19144 
2016/10/06,146.42,148.4,146.42,148.4,15715 
2016/10/07,148.79,148.79,147.21,148.79,15870 
2016/10/11,151.17,151.17,147.21,148.4,31107 
2016/10/12,147.61,150.38,147.21,149.98,24592 
2016/10/13,150.77,151.17,148.,149.19,40728 
2016/10/14,148.,149.59,147.61,148.79,34340 
2016/10/17,147.61,148.4,146.42,147.61,37878 
2016/10/18,147.61,148.,146.82,148.,40651 
2016/10/19,148.4,149.98,148.4,149.98,38143 
2016/10/20,149.98,150.77,149.59,150.77,15736 
2016/10/21,151.17,151.96,149.19,149.19,22316 
2016/10/24,151.17,151.17,149.98,151.17,14381 
2016/10/25,151.96,152.75,151.17,152.75,19145 
2016/10/26,150.77,152.36,150.77,151.56,24885 
2016/10/27,151.56,151.56,149.19,149.19,26883 
2016/10/28,149.98,150.38,149.19,149.98,33106 
2016/10/31,149.59,150.77,147.61,149.19,25830 
2016/11/01,149.19,149.98,148.4,149.98,15128 
2016/11/02,148.4,148.79,147.21,147.21,16529 
2016/11/03,146.82,147.61,146.02,146.02,25531 
2016/11/04,146.02,147.21,145.63,146.02,15107 
2016/11/07,147.61,149.59,147.21,149.59,21430 
2016/11/08,150.38,150.38,148.79,149.19,15954 
2016/11/09,150.38,150.77,144.05,144.05,55579 
2016/11/10,148.,148.79,146.82,146.82,38869 
2016/11/11,143.65,144.84,143.25,143.65,67636 
2016/11/14,143.25,144.05,142.46,142.86,48032 
2016/11/15,142.07,144.05,141.67,142.46,33528 
2016/11/16,142.86,144.84,142.46,142.46,35293 
2016/11/17,144.05,144.44,142.86,143.65,23256 
2016/11/18,143.65,143.65,142.46,143.25,23731 
2016/11/21,142.86,143.65,142.46,143.25,15622 
2016/11/22,144.05,146.42,143.65,145.63,31348 
2016/11/23,146.02,147.61,145.63,146.82,23068 
2016/11/24,145.63,146.42,144.84,144.84,19098 
2016/11/25,144.44,145.23,144.05,144.05,10226 
2016/11/28,143.65,145.63,143.65,145.63,22360 
2016/11/29,145.23,146.42,144.05,144.05,26894 
2016/11/30,143.65,144.84,143.65,144.84,54053 
2016/12/01,144.05,144.84,143.65,144.84,13923 
2016/12/02,141.67,142.07,140.88,140.88,53946 
2016/12/05,140.88,142.46,140.88,141.67,32249 
2016/12/06,143.25,144.84,142.86,144.05,27728 
2016/12/07,144.84,145.23,143.65,143.65,14529 
2016/12/08,145.63,146.82,144.84,146.82,27276 
2016/12/09,147.21,147.21,146.02,147.21,24890 
2016/12/12,147.21,148.,145.63,146.42,18817 
2016/12/13,147.61,147.61,146.02,147.21,23692 
2016/12/14,147.61,148.4,146.82,148.4,16768 
2016/12/15,146.42,148.4,146.02,148.,24244 
2016/12/16,146.82,148.,146.42,146.42,36266 
2016/12/19,145.63,146.02,144.44,144.44,20553 
2016/12/20,143.25,144.44,142.46,144.44,24243 
2016/12/21,143.25,144.05,142.46,142.46,32234 
2016/12/22,142.46,142.86,141.67,141.67,26509 
2016/12/23,141.67,142.46,141.28,141.28,24376 
2016/12/26,141.67,142.46,141.67,142.07,5694 
2016/12/27,142.46,142.86,142.07,142.46,8276 
2016/12/28,143.25,144.05,142.86,144.05,21441 
2016/12/29,142.46,143.65,142.46,142.46,30211 
2016/12/30,143.25,144.44,142.46,143.65,36748 
2017/01/03,143.65,145.23,143.25,144.84,23550 
2017/01/04,144.84,145.63,143.65,144.84,24482 
2017/01/05,144.05,145.23,143.65,145.23,21373 
2017/01/06,145.63,146.02,145.23,145.63,23120 
2017/01/09,145.63,146.42,144.84,145.63,18583 
2017/01/10,146.02,146.82,145.23,145.63,20691 
2017/01/11,146.42,146.42,143.65,144.05,29747 
2017/01/12,144.44,146.82,144.44,146.02,48599 
2017/01/13,142.86,144.44,142.86,143.65,53089 
2017/01/16,142.46,142.86,141.67,142.07,30878 
2017/01/17,142.86,143.25,142.07,143.25,13207 
2017/01/18,142.86,143.25,142.07,143.25,23810 
2017/01/19,142.07,143.25,142.07,142.86,25935 
2017/01/20,143.25,143.65,142.86,143.25,42317 
2017/01/23,144.44,146.42,144.44,146.42,58299 
2017/01/24,146.42,147.61,146.02,146.82,72014 
2017/02/02,148.79,149.19,145.63,146.02,153703 
2017/02/03,147.21,147.21,145.23,146.02,30387 
2017/02/06,146.02,146.82,145.63,146.02,29702 
2017/02/07,145.23,146.42,144.84,146.02,23981 
2017/02/08,145.23,146.02,144.84,145.23,45607 
2017/02/09,145.63,146.82,145.23,145.63,23419 
2017/02/10,146.02,146.82,145.63,146.82,49257 
2017/02/13,147.61,148.79,147.61,148.4,26155 
2017/02/14,149.59,150.38,148.4,148.4,46716 
2017/02/15,148.,149.98,147.61,149.59,39928 
2017/02/16,150.38,150.77,148.79,149.59,28371 
2017/02/17,150.38,150.77,149.59,149.98,20407 
2017/02/18,150.38,150.77,149.98,149.98,3517 
2017/02/20,150.38,150.77,149.98,150.38,13280 
2017/02/21,150.38,150.38,149.19,150.38,31987 
2017/02/22,150.77,151.17,149.19,149.19,26144 
2017/02/23,148.79,149.98,148.,149.19,36095 
2017/02/24,148.4,150.77,148.4,149.59,26177 
2017/03/01,149.19,149.19,147.21,147.21,48263 
2017/03/02,148.79,149.19,146.42,147.21,40879 
2017/03/03,146.02,146.42,145.63,145.63,28213 
2017/03/06,145.63,146.02,145.23,145.23,12633 
2017/03/07,145.63,146.82,145.63,146.82,22816 
2017/03/08,147.21,148.79,146.82,148.,38657 
2017/03/09,146.82,147.21,145.63,146.02,31119 
2017/03/10,145.63,146.02,144.84,145.23,24886 
2017/03/13,146.42,147.61,146.42,147.61,11025 
2017/03/14,148.79,148.79,147.21,147.21,24373 
2017/03/15,146.82,148.,146.82,147.61,14147 
2017/03/16,148.79,150.38,148.79,150.38,32452 
2017/03/17,149.98,151.56,149.59,151.56,38698 
2017/03/20,151.56,151.56,149.98,151.56,16531 
2017/03/21,151.96,154.33,151.56,154.33,33662 
2017/03/22,152.36,153.15,151.56,153.15,27766 
2017/03/23,151.96,153.15,151.96,153.15,18831 
2017/03/24,151.96,152.75,151.96,152.36,17722 
2017/03/27,153.94,153.94,151.96,152.75,29867 
2017/03/28,154.33,154.33,152.36,153.94,39522 
2017/03/29,153.94,153.94,151.17,151.56,33839 
2017/03/30,152.36,152.75,150.77,151.56,30716 
2017/03/31,151.17,151.96,149.59,149.59,33996 
2017/04/05,149.98,152.75,149.98,152.75,45116 
2017/04/06,152.75,152.75,151.17,151.56,17417 
2017/04/07,151.96,151.96,149.19,151.17,19066 
2017/04/10,151.17,151.56,149.98,150.38,17388 
2017/04/11,150.38,151.17,149.59,151.17,9788 
2017/04/12,150.77,151.56,150.38,151.17,17418 
2017/04/13,149.98,151.96,149.98,151.56,14796 
2017/04/14,149.98,149.98,148.79,149.59,31317 
2017/04/17,149.59,149.59,148.4,148.4,17111 
2017/04/18,148.79,149.98,148.4,148.79,28732 
2017/04/19,148.4,148.4,147.61,147.61,31171 
2017/04/20,147.61,148.79,147.61,148.,32697 
2017/04/21,148.4,150.38,148.4,150.38,19034 
2017/04/24,151.17,151.56,149.19,150.38,29572 
2017/04/25,150.77,151.96,149.98,151.96,31952 
2017/04/26,151.96,151.96,150.77,151.17,31119 
2017/04/27,151.96,152.75,150.77,152.75,35812 
2017/04/28,153.15,153.94,152.75,153.94,38381 
2017/05/02,157.11,157.5,154.73,155.52,45851 
2017/05/03,156.71,157.11,155.92,156.71,27240 
2017/05/04,157.11,157.5,155.92,156.71,22194 
2017/05/05,155.92,157.11,155.92,156.31,17618 
2017/05/08,157.5,160.27,157.5,160.27,39591 
2017/05/09,162.65,163.83,161.06,161.06,48285 
2017/05/10,161.46,163.04,161.46,162.65,31075 
2017/05/11,161.85,165.02,161.46,164.23,44286 
2017/05/12,162.25,163.83,162.25,163.04,25507 
2017/05/15,161.46,163.04,161.46,163.04,25922 
2017/05/16,162.25,162.25,161.06,161.85,36604 
2017/05/17,160.67,161.46,160.67,161.46,22606 
2017/05/18,160.27,161.46,159.48,161.06,22490 
2017/05/19,161.06,161.85,160.27,160.67,17163 
2017/05/22,161.06,162.25,160.67,162.25,17419 
2017/05/23,162.25,163.83,161.85,162.25,23028 
2017/05/24,162.25,163.04,162.25,162.65,18307 
2017/05/25,163.04,163.83,162.65,163.83,26088 
2017/05/26,162.25,163.83,162.25,163.83,32976 
2017/05/31,163.44,163.83,160.67,160.67,67935 
2017/06/01,162.25,163.83,161.85,163.83,29623 
2017/06/02,165.02,165.42,164.23,165.42,23265 
2017/06/03,165.42,165.42,164.62,165.42,1535 
2017/06/05,165.81,167.79,165.42,167.79,22545 
2017/06/06,166.6,167.39,166.6,166.6,15382 
2017/06/07,167.79,168.19,166.21,167.39,34729 
2017/06/08,167.79,168.58,167.39,168.58,21654 
2017/06/09,169.77,170.16,167.79,167.79,35190 
2017/06/12,163.83,166.21,163.83,164.23,63111 
2017/06/13,163.83,165.02,163.44,164.62,49983 
2017/06/14,165.02,165.81,163.04,163.83,39083 
2017/06/15,164.23,164.62,163.83,164.62,19486 
2017/06/16,164.23,167.79,163.83,167.39,32856 
2017/06/19,167.,168.58,166.6,168.58,17489 
2017/06/20,170.16,172.54,169.77,171.35,28784 
2017/06/21,170.96,171.75,169.77,170.56,45384 
2017/06/22,171.75,172.54,171.35,172.54,26094 
2017/06/23,172.54,172.93,171.75,171.75,39686 
2017/06/26,173.38,175.84,173.38,175.84,60140 
2017/06/27,175.02,175.02,172.56,172.97,44504 
2017/06/28,171.34,171.75,170.11,170.52,52273 
2017/06/29,172.16,172.16,170.52,171.75,27049 
2017/06/30,168.88,170.52,168.88,170.52,31709 
2017/07/03,169.7,170.93,169.29,170.93,21066 
2017/07/04,170.11,170.52,169.29,169.29,21592 
2017/07/05,169.29,170.52,168.88,170.52,23463 
2017/07/06,170.11,170.52,169.29,169.7,15260 
2017/07/07,169.29,169.7,168.07,168.48,21567 
2017/07/10,168.88,169.29,168.48,168.48,13326 
2017/07/11,170.11,173.38,169.7,173.38,34593 
2017/07/12,172.56,173.79,172.16,172.16,26887 
2017/07/13,173.38,176.65,172.97,175.43,50136 
2017/07/14,174.2,175.43,173.38,174.2,22364 
2017/07/17,175.84,176.25,172.97,174.2,21400 
