年月日,開盤價,最高價,最低價,收盤價,成交量
2020/11/19,13775.26 ,13785.92 ,13700.04 ,13722.43 ,6243552.00
2020/11/20,13702.59 ,13726.22 ,13666.07 ,13716.44 ,5986755.00
2020/11/23,13793.55 ,13921.16 ,13793.55 ,13878.01 ,7028271.00
2020/11/24,13918.84 ,13951.17 ,13798.32 ,13807.13 ,7633875.00
2020/11/25,13860.95 ,13893.20 ,13731.81 ,13738.83 ,7757213.00
2020/11/26,13763.79 ,13856.76 ,13763.79 ,13845.66 ,6910524.00
2020/11/27,13833.21 ,13885.01 ,13811.81 ,13867.09 ,7292147.00
2020/11/30,13917.65 ,13969.39 ,13722.89 ,13722.89 ,10553313.00
2020/12/01,13810.55 ,13885.67 ,13749.71 ,13885.67 ,9170668.00
2020/12/02,13970.51 ,13995.70 ,13894.70 ,13989.14 ,8956941.00
2020/12/03,13988.49 ,14049.58 ,13940.07 ,13977.09 ,8380406.00
2020/12/04,14010.17 ,14149.56 ,14010.17 ,14132.44 ,9326108.00
2020/12/07,14230.00 ,14306.87 ,14142.02 ,14256.60 ,10622974.00
2020/12/08,14251.94 ,14367.00 ,14184.58 ,14360.40 ,8745552.00
2020/12/09,14336.69 ,14427.41 ,14336.69 ,14390.14 ,8859421.00
2020/12/10,14295.15 ,14319.38 ,14191.85 ,14249.49 ,8817637.00
2020/12/11,14298.59 ,14353.17 ,14081.42 ,14261.69 ,9039771.00
2020/12/14,14238.92 ,14270.34 ,14182.25 ,14211.05 ,7705137.00
2020/12/15,14206.33 ,14256.55 ,14053.35 ,14068.52 ,8827642.00
2020/12/16,14145.24 ,14339.50 ,14145.24 ,14304.46 ,7048147.00
2020/12/17,14326.16 ,14338.40 ,14213.49 ,14258.93 ,6227173.00
2020/12/18,14268.13 ,14329.12 ,14245.60 ,14249.96 ,7440315.00
2020/12/21,14273.79 ,14384.96 ,14166.89 ,14384.96 ,8527792.00
2020/12/22,14348.11 ,14411.93 ,14175.69 ,14177.46 ,10869811.00
2020/12/23,14180.70 ,14247.79 ,14134.87 ,14223.09 ,7727365.00
2020/12/24,14256.29 ,14324.42 ,14256.29 ,14280.28 ,7461043.00
2020/12/25,14306.98 ,14400.83 ,14296.97 ,14331.42 ,7354213.00
2020/12/28,14363.45 ,14483.07 ,14363.45 ,14483.07 ,8522466.00
2020/12/29,14500.91 ,14547.07 ,14435.03 ,14472.05 ,9485864.00
2020/12/30,14485.97 ,14695.44 ,14476.69 ,14687.70 ,8345169.00
2020/12/31,14704.53 ,14760.06 ,14646.33 ,14732.53 ,8098938.00
2021/01/04,14720.25 ,14937.13 ,14720.25 ,14902.03 ,9339297.00
2021/01/05,14913.64 ,15000.03 ,14861.99 ,15000.03 ,9179847.00
2021/01/06,15145.85 ,15197.68 ,14837.00 ,14983.13 ,11485851.00
2021/01/07,15059.52 ,15270.40 ,15049.86 ,15214.00 ,8827119.00
2021/01/08,15365.13 ,15463.95 ,15275.38 ,15463.95 ,9249546.00
2021/01/11,15425.58 ,15557.30 ,15395.73 ,15557.30 ,8217768.00
2021/01/12,15549.53 ,15642.03 ,15421.23 ,15500.70 ,9394475.00
2021/01/13,15550.16 ,15778.52 ,15550.16 ,15769.98 ,9111050.00
2021/01/14,15651.20 ,15760.15 ,15620.96 ,15707.19 ,9186986.00
2021/01/15,15987.16 ,16041.59 ,15615.11 ,15616.39 ,10457222.00
2021/01/18,15676.45 ,15676.45 ,15320.97 ,15612.00 ,8298960.00
2021/01/19,15716.64 ,15928.14 ,15716.64 ,15877.37 ,8347997.00
2021/01/20,15934.85 ,16004.32 ,15745.48 ,15806.18 ,10566225.00
2021/01/21,15775.73 ,16238.46 ,15775.73 ,16153.77 ,8832867.00
2021/01/22,15984.89 ,16138.04 ,15973.02 ,16019.03 ,8253605.00
2021/01/25,16006.21 ,16014.96 ,15772.63 ,15946.54 ,8013173.00
2021/01/26,15955.16 ,16023.87 ,15589.21 ,15658.85 ,7841595.00
2021/01/27,15711.76 ,15837.47 ,15642.12 ,15701.45 ,6917641.00
2021/01/28,15519.85 ,15557.02 ,15367.45 ,15415.88 ,8684236.00
2021/01/29,15544.36 ,15603.41 ,15138.31 ,15138.31 ,8619701.00
2021/02/01,15176.56 ,15429.98 ,15089.96 ,15410.09 ,7557427.00
2021/02/02,15546.69 ,15838.15 ,15546.69 ,15760.05 ,8036152.00
2021/02/03,15828.64 ,15896.40 ,15741.16 ,15771.32 ,7809582.00
2021/02/04,15697.75 ,15801.37 ,15606.74 ,15706.22 ,6713485.00
2021/02/05,15805.76 ,15938.09 ,15774.34 ,15802.40 ,6946810.00
2021/02/17,16197.45 ,16406.78 ,16197.45 ,16362.29 ,9219556.00
2021/02/18,16366.23 ,16517.73 ,16323.22 ,16424.51 ,9049755.00
2021/02/19,16376.91 ,16382.70 ,16211.25 ,16341.38 ,8835553.00
2021/02/22,16445.87 ,16579.17 ,16410.16 ,16410.16 ,9631555.00
2021/02/23,16320.88 ,16467.75 ,16211.75 ,16443.40 ,9751868.00
2021/02/24,16329.54 ,16456.94 ,16212.53 ,16212.53 ,10053872.00
2021/02/25,16376.80 ,16474.05 ,16322.27 ,16452.18 ,9928163.00
2021/02/26,16190.04 ,16190.04 ,15953.80 ,15953.80 ,11254308.00
2021/03/02,16127.87 ,16262.91 ,15946.88 ,15946.88 ,9174901.00
2021/03/03,15992.32 ,16211.73 ,15884.55 ,16211.73 ,8339162.00
2021/03/04,16091.75 ,16091.75 ,15840.99 ,15906.41 ,8968387.00
2021/03/05,15759.58 ,15934.43 ,15636.43 ,15855.23 ,7802008.00
2021/03/08,15943.37 ,16074.97 ,15816.50 ,15820.11 ,7904447.00
2021/03/09,15715.07 ,15864.26 ,15657.92 ,15853.09 ,8542385.00
2021/03/10,15921.45 ,15986.07 ,15857.32 ,15911.67 ,6953802.00
2021/03/11,15947.21 ,16216.22 ,15947.21 ,16179.56 ,8174238.00
2021/03/12,16241.55 ,16298.03 ,16166.35 ,16255.18 ,7700933.00
2021/03/15,16256.58 ,16281.91 ,16194.91 ,16249.33 ,7038780.00
2021/03/16,16253.93 ,16340.66 ,16244.99 ,16313.16 ,7954820.00
2021/03/17,16312.98 ,16349.21 ,16166.35 ,16215.82 ,7897003.00
2021/03/18,16264.61 ,16410.02 ,16264.61 ,16287.84 ,8959526.00
2021/03/19,16186.46 ,16186.46 ,16022.17 ,16070.24 ,10369745.00
2021/03/22,16065.50 ,16235.63 ,15983.77 ,16189.22 ,9984003.00
2021/03/23,16250.20 ,16351.38 ,16166.29 ,16177.59 ,10466622.00
2021/03/24,15994.96 ,16125.54 ,15967.95 ,16032.12 ,8650496.00
2021/03/25,16010.54 ,16146.58 ,15944.96 ,16060.14 ,9028784.00
2021/03/26,16140.37 ,16325.62 ,16140.37 ,16305.88 ,8573575.00
2021/03/29,16411.67 ,16520.89 ,16411.67 ,16475.97 ,10452660.00
2021/03/30,16490.31 ,16556.19 ,16438.40 ,16554.90 ,9057751.00
2021/03/31,16529.23 ,16550.20 ,16427.20 ,16431.13 ,9159869.00
2021/04/01,16538.28 ,16602.47 ,16496.16 ,16571.28 ,8890669.00
2021/04/06,16711.79 ,16804.45 ,16711.79 ,16739.87 ,9782619.00
2021/04/07,16771.35 ,16816.34 ,16715.32 ,16815.36 ,10076230.00
2021/04/08,16786.56 ,16926.72 ,16735.78 ,16926.44 ,11433061.00
2021/04/09,16974.28 ,17016.13 ,16815.59 ,16854.10 ,12470868.00
2021/04/12,16908.55 ,16979.35 ,16793.54 ,16859.70 ,12726711.00
2021/04/13,16872.40 ,17041.37 ,16802.22 ,16824.91 ,14488230.00
2021/04/14,16869.78 ,16935.39 ,16559.57 ,16865.97 ,14502431.00
2021/04/15,16851.06 ,17076.73 ,16851.06 ,17076.73 ,10863449.00
2021/04/16,17028.35 ,17158.81 ,16998.91 ,17158.81 ,12256445.00
2021/04/19,17141.25 ,17294.15 ,17135.52 ,17263.28 ,14601043.00
2021/04/20,17231.58 ,17323.87 ,17175.02 ,17323.87 ,13070597.00
2021/04/21,17282.76 ,17282.76 ,17167.39 ,17202.11 ,13297873.00
2021/04/22,17302.73 ,17428.15 ,17066.17 ,17096.97 ,19621534.00
2021/04/23,17117.49 ,17300.27 ,17055.48 ,17300.27 ,13214846.00
2021/04/26,17378.36 ,17572.29 ,17378.36 ,17572.29 ,13747195.00
2021/04/27,17586.02 ,17630.19 ,17489.71 ,17595.90 ,13557800.00
2021/04/28,17610.72 ,17628.81 ,17497.74 ,17567.53 ,14504677.00
2021/04/29,17646.93 ,17709.23 ,17548.30 ,17566.66 ,15169267.00
2021/05/03,17505.52 ,17546.94 ,17222.35 ,17222.35 ,15458829.00
2021/05/04,17249.56 ,17328.55 ,16647.61 ,16933.78 ,17675985.00
2021/05/05,16968.75 ,17052.20 ,16843.44 ,16843.44 ,12120844.00
2021/05/06,16925.52 ,17088.73 ,16764.71 ,16994.36 ,12771639.00
2021/05/07,17032.23 ,17285.00 ,17032.23 ,17285.00 ,12162298.00
2021/05/10,17274.23 ,17304.47 ,17188.15 ,17235.61 ,12944671.00
2021/05/11,17137.19 ,17137.19 ,16460.87 ,16583.13 ,17856079.00
2021/05/12,16515.88 ,16552.63 ,15165.27 ,15902.37 ,20092847.00
2021/05/13,15668.33 ,16031.93 ,15368.54 ,15670.10 ,14638813.00
2021/05/14,15819.24 ,16075.48 ,15702.10 ,15827.09 ,12850841.00
2021/05/17,15554.99 ,15719.74 ,15159.86 ,15353.89 ,13148568.00
2021/05/18,15564.96 ,16153.77 ,15564.96 ,16145.98 ,10897361.00
2021/05/19,16112.21 ,16273.98 ,16009.76 ,16132.66 ,11332207.00
2021/05/20,16122.52 ,16154.08 ,15943.45 ,16042.36 ,10554659.00
2021/05/21,16136.86 ,16431.14 ,16136.86 ,16302.06 ,10040039.00
2021/05/24,16246.52 ,16397.59 ,16136.97 ,16338.29 ,9718105.00
2021/05/25,16444.75 ,16657.60 ,16444.75 ,16595.67 ,12484201.00
2021/05/26,16645.17 ,16706.29 ,16523.23 ,16643.69 ,9220132.00
2021/05/27,16591.70 ,16601.61 ,16419.42 ,16601.61 ,10717817.00
2021/05/28,16690.04 ,16889.01 ,16690.04 ,16870.86 ,11695052.00
2021/05/31,16948.47 ,17113.33 ,16939.91 ,17068.43 ,12753627.00
2021/06/01,17098.49 ,17184.30 ,17060.45 ,17162.38 ,10763106.00
2021/06/02,17192.91 ,17274.66 ,17056.42 ,17165.04 ,12360554.00
2021/06/03,17201.30 ,17311.28 ,17198.89 ,17246.16 ,11079030.00
2021/06/04,17225.06 ,17225.06 ,17084.49 ,17147.41 ,11138533.00
2021/06/07,17176.09 ,17189.23 ,16775.85 ,17083.91 ,11588834.00
2021/06/08,17094.34 ,17181.52 ,17056.53 ,17076.21 ,7966537.00
2021/06/09,17082.52 ,17082.52 ,16907.43 ,16966.22 ,8780835.00
2021/06/10,17024.54 ,17159.22 ,16978.01 ,17159.22 ,9652249.00
2021/06/11,17200.45 ,17278.55 ,17193.61 ,17213.52 ,8846548.00
2021/06/15,17279.70 ,17371.29 ,17279.70 ,17371.29 ,9141252.00
2021/06/16,17357.37 ,17398.22 ,17275.02 ,17307.86 ,10878514.00
2021/06/17,17254.84 ,17390.61 ,17150.52 ,17390.61 ,9302890.00
2021/06/18,17384.74 ,17417.50 ,17318.54 ,17318.54 ,11033579.00
2021/06/21,17305.49 ,17305.49 ,17023.31 ,17062.98 ,10773756.00
2021/06/22,17162.71 ,17270.47 ,17075.55 ,17075.55 ,12102644.00
2021/06/23,17127.59 ,17375.79 ,17127.59 ,17336.71 ,11438705.00
2021/06/24,17358.57 ,17439.63 ,17319.89 ,17407.96 ,9578597.00
2021/06/25,17471.07 ,17597.33 ,17471.07 ,17502.99 ,10145572.00
2021/06/28,17531.82 ,17595.51 ,17481.23 ,17590.97 ,10047162.00
2021/06/29,17621.15 ,17713.24 ,17541.14 ,17598.19 ,11551535.00
2021/06/30,17648.25 ,17797.27 ,17648.25 ,17755.46 ,11204532.00
2021/07/01,17801.19 ,17863.90 ,17644.36 ,17713.94 ,13164999.00
2021/07/02,17745.69 ,17795.88 ,17676.98 ,17710.15 ,12310475.00
2021/07/05,17783.80 ,17945.52 ,17783.80 ,17919.33 ,11327332.00
2021/07/06,17929.22 ,18008.37 ,17895.78 ,17913.07 ,9990840.00
2021/07/07,17901.25 ,17933.62 ,17756.82 ,17850.69 ,10361683.00
2021/07/08,17880.90 ,17935.11 ,17742.08 ,17866.09 ,11812352.00
2021/07/09,17778.12 ,17778.12 ,17597.46 ,17661.48 ,9944657.00
2021/07/12,17843.30 ,17947.90 ,17759.90 ,17814.33 ,10467277.00
2021/07/13,17931.47 ,18018.04 ,17786.76 ,17847.52 ,12997799.00
2021/07/14,17892.51 ,17940.86 ,17716.44 ,17845.75 ,10827135.00
2021/07/15,17878.78 ,18034.19 ,17878.78 ,18034.19 ,9106657.00
2021/07/16,17839.58 ,17926.38 ,17779.61 ,17895.25 ,10282434.00
2021/07/19,17854.35 ,17854.35 ,17708.15 ,17789.25 ,9411627.00
2021/07/20,17724.92 ,17724.92 ,17500.69 ,17528.74 ,9624045.00
2021/07/21,17593.60 ,17707.56 ,17352.24 ,17458.79 ,10851632.00
2021/07/22,17482.81 ,17667.38 ,17482.81 ,17572.33 ,10160940.00
2021/07/23,17603.95 ,17672.60 ,17511.86 ,17572.92 ,10052711.00
2021/07/26,17554.93 ,17637.36 ,17403.56 ,17403.56 ,9321989.00
2021/07/27,17394.77 ,17459.35 ,17264.50 ,17269.87 ,9278098.00
2021/07/28,17252.87 ,17252.87 ,16893.70 ,17135.22 ,10441371.00
2021/07/29,17216.58 ,17402.81 ,17190.48 ,17402.81 ,8619629.00
2021/07/30,17414.77 ,17429.01 ,17237.67 ,17247.41 ,9849934.00
2021/08/02,17256.61 ,17503.28 ,17231.22 ,17503.28 ,8433835.00
2021/08/03,17489.12 ,17553.76 ,17456.20 ,17553.76 ,7297083.00
2021/08/04,17588.64 ,17636.11 ,17557.18 ,17623.89 ,8674006.00
2021/08/05,17624.82 ,17643.97 ,17566.72 ,17603.12 ,9310147.00
2021/08/06,17593.85 ,17593.85 ,17469.68 ,17526.28 ,8507806.00
2021/08/09,17505.01 ,17510.09 ,17350.15 ,17485.15 ,7894068.00
2021/08/10,17492.45 ,17524.91 ,17305.06 ,17323.64 ,7424101.00
2021/08/11,17308.62 ,17327.20 ,17090.25 ,17227.18 ,8485348.00
2021/08/12,17221.35 ,17233.11 ,17139.21 ,17219.94 ,6583768.00
2021/08/13,17216.34 ,17216.34 ,16978.11 ,16982.11 ,8080387.00
2021/08/16,16941.33 ,16983.59 ,16773.57 ,16858.77 ,7549787.00
2021/08/17,16841.62 ,16870.55 ,16657.63 ,16661.36 ,6572397.00
2021/08/18,16630.99 ,16826.27 ,16418.54 ,16826.27 ,8581086.00
2021/08/19,16777.78 ,16777.78 ,16375.40 ,16375.40 ,8740931.00
2021/08/20,16426.98 ,16507.11 ,16248.08 ,16341.94 ,7563826.00
2021/08/23,16459.13 ,16785.29 ,16459.13 ,16741.84 ,7336054.00
2021/08/24,16830.63 ,16904.30 ,16779.90 ,16818.73 ,8218076.00
2021/08/25,16821.08 ,17045.86 ,16821.08 ,17045.86 ,7220691.00
2021/08/26,17177.39 ,17201.42 ,16984.69 ,17066.96 ,7176067.00
2021/08/27,17061.10 ,17229.89 ,17000.26 ,17209.93 ,6876549.00
2021/08/30,17244.62 ,17396.52 ,17244.62 ,17396.52 ,6286680.00
2021/08/31,17384.61 ,17490.29 ,17207.57 ,17490.29 ,7594890.00
2021/09/01,17463.80 ,17503.93 ,17415.52 ,17473.99 ,7417302.00
2021/09/02,17455.92 ,17523.16 ,17319.76 ,17319.76 ,7363528.00
2021/09/03,17380.52 ,17540.78 ,17380.52 ,17516.92 ,7417361.00
2021/09/06,17534.05 ,17633.67 ,17461.07 ,17495.30 ,8125514.00
2021/09/07,17534.38 ,17559.21 ,17388.37 ,17428.87 ,6809125.00
2021/09/08,17411.53 ,17447.58 ,17167.08 ,17270.49 ,6716726.00
2021/09/09,17175.04 ,17319.09 ,17122.95 ,17304.33 ,5177907.00
2021/09/10,17270.28 ,17474.57 ,17270.28 ,17474.57 ,5898868.00
2021/09/13,17452.16 ,17482.57 ,17387.57 ,17446.31 ,5932740.00
2021/09/14,17463.78 ,17529.47 ,17424.54 ,17434.90 ,5669147.00
2021/09/15,17434.02 ,17439.75 ,17316.52 ,17354.00 ,5732189.00
2021/09/16,17332.34 ,17411.37 ,17254.10 ,17278.70 ,5750136.00
2021/09/17,17279.29 ,17408.71 ,17235.45 ,17276.79 ,6567681.00
2021/09/22,17196.79 ,17196.79 ,16838.58 ,16925.82 ,7253281.00
2021/09/23,16998.07 ,17145.25 ,16998.07 ,17078.22 ,5730646.00
2021/09/24,17130.74 ,17273.59 ,17130.74 ,17260.19 ,6101942.00
2021/09/27,17278.11 ,17335.99 ,17235.68 ,17313.77 ,6662794.00
2021/09/28,17286.89 ,17286.89 ,17113.47 ,17181.44 ,5800849.00
2021/09/29,17127.86 ,17127.86 ,16801.78 ,16855.46 ,7361396.00
2021/09/30,16886.57 ,16994.21 ,16767.20 ,16934.77 ,6340103.00
2021/10/01,16883.00 ,16883.00 ,16503.74 ,16570.89 ,7878762.00
2021/10/04,16600.52 ,16680.29 ,16380.06 ,16408.35 ,6696156.00
2021/10/05,16362.27 ,16460.75 ,16162.17 ,16460.75 ,6867850.00
2021/10/06,16488.21 ,16568.21 ,16303.63 ,16393.16 ,6173594.00
2021/10/07,16465.57 ,16731.58 ,16465.57 ,16713.86 ,6432919.00
2021/10/08,16742.35 ,16771.71 ,16605.49 ,16640.43 ,5898171.00
2021/10/12,16589.72 ,16589.72 ,16349.49 ,16462.84 ,5959453.00
2021/10/13,16480.98 ,16543.33 ,16328.47 ,16347.99 ,5788989.00
2021/10/14,16392.51 ,16519.96 ,16347.88 ,16387.28 ,5636197.00
2021/10/15,16426.76 ,16781.19 ,16426.76 ,16781.19 ,6030701.00
2021/10/18,16816.94 ,16862.03 ,16695.89 ,16705.46 ,6285394.00
2021/10/19,16791.12 ,16916.72 ,16772.15 ,16900.67 ,6078970.00
2021/10/20,16936.20 ,16973.86 ,16855.81 ,16887.82 ,5748882.00
2021/10/21,16904.46 ,17026.89 ,16873.99 ,16889.51 ,6613118.00
2021/10/22,16900.32 ,16932.89 ,16800.49 ,16888.74 ,6145236.00
2021/10/25,16879.34 ,16930.98 ,16784.11 ,16894.24 ,5491700.00
2021/10/26,16909.32 ,17067.15 ,16909.32 ,17034.34 ,6680427.00
2021/10/27,17037.37 ,17079.60 ,16973.16 ,17074.55 ,5887097.00
2021/10/28,17081.17 ,17104.86 ,16994.37 ,17041.63 ,6997433.00
2021/10/29,17058.04 ,17073.97 ,16920.68 ,16987.41 ,7050932.00
2021/11/01,17021.77 ,17119.43 ,17021.77 ,17068.24 ,7074664.00
2021/11/02,17094.42 ,17237.09 ,17026.63 ,17065.97 ,8341539.00
2021/11/03,17087.89 ,17153.76 ,17080.51 ,17122.16 ,7026797.00
2021/11/04,17158.28 ,17219.65 ,17061.46 ,17078.86 ,6938569.00
2021/11/05,17097.16 ,17296.90 ,17097.16 ,17296.90 ,7436689.00
2021/11/08,17323.39 ,17415.30 ,17279.46 ,17415.30 ,8442817.00
2021/11/09,17433.10 ,17581.52 ,17433.10 ,17541.36 ,8519578.00
2021/11/10,17549.09 ,17575.44 ,17489.87 ,17559.65 ,8499487.00
2021/11/11,17527.18 ,17527.18 ,17403.48 ,17452.52 ,9014096.00
2021/11/12,17479.55 ,17602.05 ,17479.55 ,17518.13 ,8143908.00
2021/11/15,17560.52 ,17683.19 ,17560.52 ,17634.47 ,8179591.00
2021/11/16,17639.96 ,17708.10 ,17629.80 ,17693.13 ,8855573.00
2021/11/17,17705.29 ,17764.04 ,17669.58 ,17764.04 ,9046216.00
2021/11/18,17767.06 ,17841.37 ,17748.21 ,17841.37 ,9921581.00
2021/11/19,17864.19 ,17986.18 ,17786.05 ,17818.31 ,9158530.00
2021/11/22,17828.53 ,17857.73 ,17790.64 ,17803.54 ,7432543.00
2021/11/23,17797.90 ,17797.90 ,17650.07 ,17666.12 ,7497815.00
2021/11/24,17680.16 ,17722.89 ,17588.78 ,17642.52 ,7355021.00
2021/11/25,17686.12 ,17724.50 ,17609.51 ,17654.19 ,7075203.00
2021/11/26,17641.79 ,17641.79 ,17330.44 ,17369.39 ,8639089.00
2021/11/29,17320.01 ,17415.63 ,17167.24 ,17328.09 ,7721871.00
2021/11/30,17369.79 ,17535.23 ,17369.79 ,17427.76 ,9057571.00
2021/12/01,17428.61 ,17626.21 ,17374.59 ,17585.99 ,7020888.00
2021/12/02,17575.91 ,17741.55 ,17559.44 ,17724.88 ,8097881.00
2021/12/03,17720.93 ,17781.14 ,17670.32 ,17697.14 ,7026605.00
2021/12/06,17650.67 ,17763.42 ,17585.95 ,17688.21 ,6532709.00
2021/12/07,17734.19 ,17796.92 ,17642.32 ,17796.92 ,8315524.00
2021/12/08,17845.06 ,17988.88 ,17832.42 ,17832.42 ,8204584.00
2021/12/09,17880.41 ,17925.12 ,17807.12 ,17914.12 ,7970542.00
2021/12/10,17893.29 ,17893.29 ,17767.80 ,17826.26 ,6928227.00
2021/12/13,17841.03 ,17919.35 ,17767.60 ,17767.60 ,7383940.00
2021/12/14,17754.38 ,17754.38 ,17566.99 ,17599.37 ,7685082.00
2021/12/15,17592.87 ,17678.78 ,17556.87 ,17660.10 ,5816281.00
2021/12/16,17719.06 ,17814.32 ,17719.06 ,17785.74 ,7088215.00
2021/12/17,17744.54 ,17822.74 ,17718.27 ,17812.59 ,7822461.00
2021/12/20,17812.81 ,17812.81 ,17646.39 ,17669.11 ,6240711.00
2021/12/21,17686.84 ,17825.89 ,17652.32 ,17789.27 ,6142255.00
2021/12/22,17805.74 ,17870.16 ,17799.72 ,17826.83 ,6019281.00
2021/12/23,17855.78 ,17960.99 ,17855.78 ,17946.66 ,6360759.00
2021/12/24,17966.35 ,18039.85 ,17953.57 ,17961.64 ,6294056.00
2021/12/27,17975.41 ,18099.78 ,17975.41 ,18048.94 ,6063084.00
2021/12/28,18099.71 ,18197.36 ,18099.71 ,18196.81 ,6288478.00
2021/12/29,18209.14 ,18283.25 ,18192.86 ,18248.28 ,6188965.00
2021/12/30,18270.00 ,18291.25 ,18216.45 ,18218.84 ,6394953.00
2022/01/03,18260.23 ,18379.69 ,18238.47 ,18270.51 ,6970218.00
2022/01/04,18395.14 ,18526.35 ,18395.14 ,18526.35 ,7298131.00
2022/01/05,18598.13 ,18619.61 ,18446.52 ,18499.96 ,7366467.00
2022/01/06,18395.72 ,18427.15 ,18253.82 ,18367.92 ,6401573.00
2022/01/07,18388.16 ,18444.12 ,18134.41 ,18169.76 ,7595875.00
2022/01/10,18095.39 ,18243.26 ,18043.97 ,18239.38 ,5896254.00
2022/01/11,18266.54 ,18293.53 ,18135.43 ,18288.21 ,7356526.00
2022/01/12,18348.39 ,18394.70 ,18255.38 ,18375.40 ,6746853.00
2022/01/13,18356.21 ,18459.73 ,18346.81 ,18436.93 ,7130343.00
2022/01/14,18509.00 ,18509.00 ,18213.44 ,18403.33 ,7366761.00
2022/01/17,18512.15 ,18535.42 ,18435.02 ,18525.44 ,5767298.00
2022/01/18,18492.81 ,18575.41 ,18378.64 ,18378.64 ,6014247.00
2022/01/19,18275.18 ,18359.14 ,18199.35 ,18227.46 ,6124785.00
2022/01/20,18212.26 ,18292.14 ,18125.20 ,18218.28 ,5557986.00
2022/01/21,18113.94 ,18113.94 ,17851.39 ,17899.30 ,7191394.00
2022/01/24,17843.33 ,18004.45 ,17682.33 ,17989.04 ,6093291.00
2022/01/25,17890.71 ,17890.71 ,17645.66 ,17701.12 ,6109603.00
2022/01/26,17657.97 ,17776.42 ,17633.03 ,17674.40 ,4934894.00
2022/02/07,17750.70 ,17900.30 ,17712.35 ,17900.30 ,6291542.00
2022/02/08,17955.95 ,18063.55 ,17955.95 ,17966.56 ,6885105.00
2022/02/09,18060.33 ,18168.60 ,18039.23 ,18151.76 ,6861230.00
2022/02/10,18217.29 ,18338.05 ,18145.04 ,18338.05 ,6512226.00
2022/02/11,18258.81 ,18310.94 ,18191.75 ,18310.94 ,6177798.00
2022/02/14,18182.73 ,18182.73 ,17965.22 ,17997.67 ,6357847.00
2022/02/15,17978.44 ,18085.91 ,17942.68 ,17951.81 ,5884767.00
2022/02/16,18109.17 ,18233.79 ,18109.17 ,18231.47 ,6435603.00
2022/02/17,18213.30 ,18330.63 ,18190.24 ,18268.57 ,7855456.00
2022/02/18,18250.37 ,18262.96 ,18098.52 ,18232.35 ,7574375.00
2022/02/21,18196.40 ,18253.10 ,18129.65 ,18221.49 ,7499386.00
2022/02/22,18159.51 ,18159.51 ,17840.38 ,17969.29 ,8553650.00
2022/02/23,17954.75 ,18109.28 ,17954.75 ,18055.73 ,6080359.00
2022/02/24,17939.53 ,17939.53 ,17561.07 ,17594.55 ,10101872.00
2022/02/25,17617.36 ,17737.32 ,17554.97 ,17652.18 ,8104034.00
2022/03/01,17657.50 ,17944.50 ,17657.50 ,17898.25 ,7643059.00
2022/03/02,17864.11 ,17918.98 ,17784.64 ,17867.60 ,6878544.00
2022/03/03,17932.15 ,18026.03 ,17906.24 ,17934.40 ,6753791.00
2022/03/04,17845.01 ,17845.01 ,17710.54 ,17736.52 ,7549139.00
2022/03/07,17581.57 ,17581.57 ,17135.68 ,17178.69 ,10072752.00
2022/03/08,17000.00 ,17113.67 ,16764.78 ,16825.25 ,9902592.00
2022/03/09,16944.08 ,17072.74 ,16944.08 ,17015.36 ,6970530.00
2022/03/10,17224.73 ,17478.43 ,17224.73 ,17433.20 ,8032678.00
2022/03/11,17373.82 ,17373.90 ,17239.90 ,17264.74 ,5959633.00
2022/03/14,17287.90 ,17363.04 ,17217.58 ,17263.04 ,6380283.00
2022/03/15,17177.27 ,17177.27 ,16911.95 ,16926.06 ,7725450.00
2022/03/16,17007.58 ,17085.77 ,16808.43 ,16940.83 ,8125398.00
2022/03/17,17172.81 ,17472.95 ,17172.81 ,17448.22 ,9772206.00
2022/03/18,17439.91 ,17472.38 ,17359.50 ,17456.52 ,7994590.00
2022/03/21,17503.95 ,17603.99 ,17503.95 ,17560.36 ,6555265.00
2022/03/22,17512.41 ,17573.29 ,17468.55 ,17559.71 ,5875045.00
2022/03/23,17581.62 ,17738.69 ,17581.62 ,17731.37 ,6846491.00
2022/03/24,17711.17 ,17711.17 ,17603.22 ,17699.06 ,6502369.00
2022/03/25,17695.80 ,17747.13 ,17633.86 ,17676.95 ,6656846.00
2022/03/28,17510.15 ,17527.15 ,17368.66 ,17520.01 ,5889262.00
2022/03/29,17568.32 ,17585.91 ,17493.01 ,17548.66 ,6005532.00
2022/03/30,17572.90 ,17770.07 ,17572.90 ,17740.56 ,6770950.00
2022/03/31,17754.10 ,17767.81 ,17682.53 ,17693.47 ,5658103.00
2022/04/01,17657.76 ,17657.76 ,17465.61 ,17625.59 ,5719024.00
2022/04/06,17484.19 ,17528.99 ,17381.07 ,17522.50 ,6830996.00
2022/04/07,17430.13 ,17438.60 ,17178.63 ,17178.63 ,8062131.00
2022/04/08,17210.40 ,17316.69 ,17210.40 ,17284.54 ,6150051.00
2022/04/11,17273.05 ,17316.35 ,17046.67 ,17048.37 ,7826059.00
2022/04/12,17005.84 ,17100.85 ,16905.13 ,16990.91 ,6923672.00
2022/04/13,17080.40 ,17333.21 ,17080.40 ,17301.65 ,7050860.00
2022/04/14,17353.25 ,17374.14 ,17245.65 ,17245.65 ,6990328.00
2022/04/15,17139.34 ,17141.33 ,17004.18 ,17004.18 ,6948398.00
2022/04/18,16958.66 ,16999.36 ,16845.51 ,16898.87 ,6433458.00
2022/04/19,16926.34 ,17106.26 ,16926.34 ,16993.40 ,5818953.00
2022/04/20,17057.13 ,17148.88 ,16983.55 ,17148.88 ,7477482.00
2022/04/21,17159.88 ,17213.66 ,17106.37 ,17127.95 ,6527037.00
2022/04/22,17088.76 ,17088.76 ,16923.87 ,17025.09 ,7020338.00
2022/04/25,16912.30 ,16912.30 ,16579.89 ,16620.90 ,7818513.00
2022/04/26,16677.84 ,16729.47 ,16582.11 ,16644.79 ,6546679.00
2022/04/27,16427.32 ,16427.32 ,16219.41 ,16303.35 ,7557844.00
2022/04/28,16350.72 ,16455.57 ,16256.88 ,16419.38 ,6326127.00
2022/04/29,16599.84 ,16663.66 ,16521.94 ,16592.18 ,6283737.00
2022/05/03,16593.21 ,16604.87 ,16465.99 ,16498.90 ,4688894.00
2022/05/04,16531.37 ,16617.06 ,16514.30 ,16565.83 ,4754572.00
2022/05/05,16689.98 ,16783.78 ,16650.81 ,16696.12 ,6028615.00
2022/05/06,16491.11 ,16491.11 ,16312.17 ,16408.20 ,6214594.00
2022/05/09,16345.84 ,16345.84 ,16048.92 ,16048.92 ,6626190.00
2022/05/10,15891.40 ,16071.50 ,15734.44 ,16061.70 ,6855098.00
2022/05/11,16053.75 ,16081.15 ,15953.27 ,16006.25 ,5626434.00
2022/05/12,15943.62 ,15943.62 ,15616.68 ,15616.68 ,7290113.00
2022/05/13,15687.15 ,15860.69 ,15687.15 ,15832.54 ,5956940.00
2022/05/16,15943.69 ,16032.85 ,15847.46 ,15901.04 ,6376545.00
2022/05/17,15915.93 ,16085.85 ,15915.93 ,16056.09 ,5579744.00
2022/05/18,16174.78 ,16316.58 ,16172.80 ,16296.86 ,6379939.00
2022/05/19,16111.49 ,16111.49 ,15892.73 ,16020.32 ,6370148.00
2022/05/20,16061.92 ,16181.66 ,16058.20 ,16144.85 ,5309171.00
2022/05/23,16193.92 ,16249.45 ,16125.45 ,16156.41 ,5618693.00
2022/05/24,16166.57 ,16219.80 ,15963.63 ,15963.63 ,5299794.00
2022/05/25,15987.74 ,16169.18 ,15980.90 ,16104.03 ,5451206.00
2022/05/26,16128.21 ,16179.01 ,15949.61 ,15968.83 ,5589281.00
2022/05/27,16075.91 ,16266.22 ,16075.91 ,16266.22 ,5481897.00
2022/05/30,16368.93 ,16610.62 ,16368.93 ,16610.62 ,6285048.00
2022/05/31,16561.68 ,16807.77 ,16493.07 ,16807.77 ,8275230.00
2022/06/01,16718.91 ,16811.04 ,16649.91 ,16675.09 ,5693916.00
2022/06/02,16605.46 ,16617.26 ,16540.55 ,16552.57 ,4836099.00
2022/06/06,16570.89 ,16654.12 ,16509.01 ,16605.96 ,5418061.00
2022/06/07,16593.75 ,16593.75 ,16465.87 ,16512.88 ,4732466.00
2022/06/08,16538.67 ,16702.99 ,16538.67 ,16670.51 ,4815479.00
2022/06/09,16643.95 ,16643.95 ,16557.54 ,16621.34 ,4489281.00
2022/06/10,16581.81 ,16581.81 ,16403.33 ,16460.12 ,4562608.00
2022/06/13,16295.07 ,16295.07 ,16055.89 ,16070.98 ,5886905.00
2022/06/14,15975.17 ,16067.80 ,15869.06 ,16047.37 ,5921513.00
2022/06/15,16025.84 ,16106.75 ,15981.56 ,15999.25 ,5516815.00
2022/06/16,16098.29 ,16209.25 ,15838.29 ,15838.61 ,6526682.00
2022/06/17,15794.16 ,15794.16 ,15573.38 ,15641.26 ,7818365.00
2022/06/20,15649.20 ,15667.68 ,15367.58 ,15367.58 ,7296097.00
2022/06/21,15427.33 ,15728.64 ,15427.33 ,15728.64 ,6317170.00
2022/06/22,15687.46 ,15687.46 ,15346.95 ,15347.75 ,7189114.00
2022/06/23,15305.51 ,15380.28 ,15102.40 ,15176.44 ,7126291.00
2022/06/24,15232.34 ,15424.37 ,15232.34 ,15303.32 ,5948003.00
2022/06/27,15409.08 ,15656.35 ,15409.08 ,15548.01 ,6404496.00
2022/06/28,15519.56 ,15533.34 ,15375.65 ,15439.92 ,5846311.00
2022/06/29,15365.54 ,15365.54 ,15218.07 ,15240.13 ,5872889.00
2022/06/30,15146.92 ,15147.77 ,14825.73 ,14825.73 ,6898867.00
2022/07/01,14812.13 ,14812.13 ,14336.03 ,14343.08 ,7861837.00
2022/07/04,14237.83 ,14412.47 ,14167.10 ,14217.06 ,6167448.00
2022/07/05,14345.54 ,14488.80 ,14100.89 ,14349.20 ,6676755.00
2022/07/06,14289.67 ,14319.32 ,13985.51 ,13985.51 ,6793881.00
2022/07/07,14052.18 ,14355.15 ,13951.81 ,14336.27 ,6800402.00
2022/07/08,14462.50 ,14552.42 ,14373.84 ,14464.53 ,6789256.00
2022/07/11,14478.31 ,14525.03 ,14313.94 ,14340.53 ,4871146.00
2022/07/12,14235.63 ,14235.63 ,13928.66 ,13950.62 ,5639956.00
2022/07/13,14194.94 ,14403.51 ,14194.94 ,14324.68 ,6240209.00
2022/07/14,14252.02 ,14450.47 ,14159.39 ,14438.52 ,5721487.00
2022/07/15,14483.96 ,14579.73 ,14378.33 ,14550.62 ,6094100.00
2022/07/18,14589.10 ,14719.64 ,14589.10 ,14719.64 ,5970251.00
2022/07/19,14638.45 ,14720.13 ,14598.99 ,14694.08 ,5373185.00
2022/07/20,14810.40 ,14906.95 ,14694.20 ,14733.22 ,6463082.00
2022/07/21,14744.17 ,14937.70 ,14716.02 ,14937.70 ,6132744.00
2022/07/22,14953.27 ,14996.24 ,14902.32 ,14949.36 ,6457471.00
2022/07/25,14902.25 ,14968.23 ,14851.37 ,14936.33 ,4852828.00
2022/07/26,14912.41 ,14912.41 ,14750.71 ,14806.78 ,4795254.00
2022/07/27,14791.71 ,14921.59 ,14717.02 ,14921.59 ,4778872.00
2022/07/28,14978.95 ,15031.99 ,14849.94 ,14891.90 ,5458751.00
2022/07/29,14950.18 ,15035.27 ,14929.49 ,15000.07 ,5863987.00
2022/08/01,14982.27 ,14994.36 ,14886.81 ,14981.69 ,5028214.00
2022/08/02,14860.94 ,14860.94 ,14663.46 ,14747.23 ,6048011.00
2022/08/03,14757.51 ,14777.02 ,14673.35 ,14777.02 ,4784239.00
2022/08/04,14741.47 ,14766.57 ,14545.69 ,14702.20 ,5235083.00
2022/08/05,14802.34 ,15041.41 ,14802.34 ,15036.04 ,5642144.00
2022/08/08,14972.21 ,15034.87 ,14908.17 ,15020.41 ,4871162.00
2022/08/09,14965.12 ,15077.63 ,14905.23 ,15050.28 ,5285905.00
2022/08/10,14940.76 ,14982.33 ,14890.55 ,14939.02 ,6351580.00
2022/08/11,15087.59 ,15204.79 ,15087.59 ,15197.85 ,6327836.00
2022/08/12,15203.91 ,15298.42 ,15198.93 ,15288.97 ,5798097.00
2022/08/15,15332.92 ,15437.23 ,15315.12 ,15417.35 ,6430023.00
2022/08/16,15435.04 ,15451.83 ,15392.49 ,15420.57 ,5723526.00
2022/08/17,15423.44 ,15475.89 ,15390.84 ,15465.45 ,5511618.00
2022/08/18,15384.73 ,15396.76 ,15311.22 ,15396.76 ,5017166.00
2022/08/19,15394.36 ,15458.45 ,15346.26 ,15408.78 ,5696021.00
2022/08/22,15375.20 ,15375.20 ,15229.36 ,15245.14 ,5300680.00
2022/08/23,15225.17 ,15225.17 ,15086.43 ,15095.89 ,4788776.00
2022/08/24,15112.15 ,15183.96 ,15053.52 ,15069.19 ,4848535.00
2022/08/25,15105.31 ,15244.06 ,15105.31 ,15200.04 ,4748331.00
2022/08/26,15221.50 ,15337.25 ,15221.50 ,15278.44 ,5721284.00
2022/08/29,15197.19 ,15197.19 ,14843.72 ,14926.19 ,6001146.00
2022/08/30,14919.67 ,15027.50 ,14911.97 ,14953.63 ,5062809.00
2022/08/31,14912.12 ,15095.44 ,14874.33 ,15095.44 ,5715463.00
2022/09/01,14981.00 ,14981.00 ,14773.19 ,14801.86 ,6173370.00
2022/09/02,14790.28 ,14817.40 ,14673.04 ,14673.04 ,5789890.00
2022/09/05,14670.18 ,14753.03 ,14632.79 ,14661.10 ,5148462.00
2022/09/06,14705.16 ,14789.31 ,14623.22 ,14677.20 ,4786016.00
2022/09/07,14557.86 ,14557.86 ,14397.12 ,14410.05 ,5021621.00
2022/09/08,14447.09 ,14583.42 ,14447.09 ,14583.42 ,4792925.00
2022/09/12,14711.34 ,14856.23 ,14711.34 ,14807.43 ,5273607.00
2022/09/13,14895.87 ,14949.56 ,14856.98 ,14894.41 ,4948246.00
2022/09/14,14695.19 ,14699.78 ,14522.70 ,14658.31 ,5005873.00
2022/09/15,14647.00 ,14750.28 ,14624.55 ,14670.04 ,4904217.00
2022/09/16,14602.16 ,14602.16 ,14521.65 ,14561.76 ,6004067.00
2022/09/19,14567.27 ,14585.06 ,14424.33 ,14425.68 ,4312823.00
2022/09/20,14474.95 ,14558.72 ,14461.39 ,14549.30 ,4376946.00
2022/09/21,14517.34 ,14525.46 ,14384.11 ,14424.52 ,4943645.00
2022/09/22,14325.67 ,14325.67 ,14151.80 ,14284.63 ,6073060.00
2022/09/23,14231.03 ,14277.53 ,14109.71 ,14118.38 ,5352098.00
2022/09/26,13993.42 ,13993.42 ,13743.19 ,13778.19 ,6582152.00
2022/09/27,13812.99 ,13862.84 ,13732.32 ,13826.59 ,5433018.00
2022/09/28,13816.70 ,13854.09 ,13466.07 ,13466.07 ,6897646.00
2022/09/29,13550.70 ,13651.29 ,13462.57 ,13534.26 ,5747964.00
2022/09/30,13409.65 ,13466.82 ,13274.72 ,13424.58 ,5966653.00
2022/10/03,13359.26 ,13440.23 ,13273.48 ,13300.48 ,4987388.00
2022/10/04,13447.36 ,13586.96 ,13447.36 ,13576.52 ,5413002.00
2022/10/05,13727.30 ,13902.02 ,13727.30 ,13801.43 ,6462759.00
2022/10/06,13865.45 ,13899.23 ,13814.33 ,13892.05 ,4677393.00
2022/10/07,13847.52 ,13847.52 ,13684.21 ,13702.28 ,4357709.00
2022/10/11,13394.12 ,13394.12 ,13106.03 ,13106.03 ,6460863.00
2022/10/12,13076.91 ,13130.73 ,12991.59 ,13081.24 ,5210228.00
2022/10/13,13108.40 ,13111.39 ,12809.43 ,12810.73 ,6478076.00
2022/10/14,13023.71 ,13221.87 ,13023.71 ,13128.12 ,6287512.00
2022/10/17,12988.83 ,12988.83 ,12814.82 ,12966.05 ,6425009.00
2022/10/18,13075.05 ,13143.15 ,12978.13 ,13124.68 ,5468726.00
2022/10/19,13096.35 ,13155.62 ,12976.76 ,12976.76 ,5000186.00
2022/10/20,12912.93 ,12946.10 ,12698.91 ,12946.10 ,6796733.00
2022/10/21,12931.20 ,12954.02 ,12813.60 ,12819.20 ,4618735.00
2022/10/24,12913.58 ,13027.84 ,12856.77 ,12856.98 ,5107731.00
2022/10/25,12830.29 ,12843.31 ,12629.48 ,12666.12 ,5248243.00
2022/10/26,12666.42 ,12791.97 ,12635.52 ,12729.05 ,4591945.00
2022/10/27,12807.69 ,12954.32 ,12807.69 ,12926.37 ,5119538.00
2022/10/28,12874.83 ,12891.38 ,12723.98 ,12788.42 ,4697989.00
2022/10/31,12862.37 ,12977.61 ,12826.34 ,12949.75 ,4529501.00
2022/11/01,12933.12 ,13062.90 ,12907.61 ,13037.21 ,4329893.00
2022/11/02,13033.15 ,13100.17 ,13014.04 ,13100.17 ,4381658.00
2022/11/03,12985.55 ,12991.37 ,12905.35 ,12986.60 ,4684705.00
2022/11/04,12941.78 ,13029.94 ,12868.25 ,13026.71 ,5249914.00
2022/11/07,13109.35 ,13246.59 ,13103.35 ,13223.73 ,6060917.00
2022/11/08,13274.91 ,13389.25 ,13274.91 ,13347.76 ,6109681.00
2022/11/09,13410.19 ,13638.81 ,13410.19 ,13638.81 ,6414308.00
2022/11/10,13556.51 ,13559.40 ,13463.85 ,13503.76 ,5126398.00
2022/11/11,13878.95 ,14045.51 ,13878.95 ,14007.56 ,8386262.00
2022/11/14,14080.91 ,14217.30 ,14076.94 ,14174.90 ,7093934.00
2022/11/15,14325.49 ,14568.51 ,14278.53 ,14546.31 ,7913371.00
2022/11/16,14637.85 ,14657.66 ,14481.06 ,14537.35 ,6982139.00
2022/11/17,14489.41 ,14545.89 ,14383.55 ,14535.23 ,5900998.00
2022/11/18,14584.31 ,14669.98 ,14470.48 ,14504.99 ,5735383.00
2022/11/21,14514.71 ,14530.76 ,14421.65 ,14449.39 ,4538087.00
2022/11/22,14404.08 ,14542.79 ,14371.09 ,14542.20 ,4540344.00
2022/11/23,14595.50 ,14647.98 ,14573.41 ,14608.54 ,4486340.00
2022/11/24,14649.80 ,14784.00 ,14649.80 ,14784.00 ,5601547.00
2022/11/25,14764.94 ,14835.66 ,14756.01 ,14778.51 ,5565055.00
2022/11/28,14636.90 ,14638.19 ,14503.12 ,14556.87 ,5256730.00
2022/11/29,14503.79 ,14716.58 ,14449.05 ,14709.64 ,6002496.00
2022/11/30,14678.23 ,14879.55 ,14678.23 ,14879.55 ,7413107.00
2022/12/01,15059.92 ,15152.38 ,14998.03 ,15012.80 ,7511123.00
2022/12/02,14933.20 ,15021.73 ,14921.06 ,14970.68 ,5601577.00
2022/12/05,14972.17 ,15088.06 ,14969.97 ,14980.74 ,6107215.00
2022/12/06,14955.29 ,14957.82 ,14728.88 ,14728.88 ,6452710.00
2022/12/07,14708.08 ,14823.15 ,14630.01 ,14630.01 ,6813484.00
2022/12/08,14631.21 ,14634.16 ,14464.20 ,14553.04 ,5406640.00
2022/12/09,14620.27 ,14742.79 ,14620.27 ,14705.43 ,5485304.00
2022/12/12,14658.46 ,14658.46 ,14538.66 ,14612.59 ,4583948.00
2022/12/13,14617.86 ,14658.70 ,14515.74 ,14522.96 ,4995730.00
2022/12/14,14557.56 ,14739.36 ,14557.56 ,14739.36 ,5425439.00
2022/12/15,14692.92 ,14756.38 ,14649.54 ,14734.13 ,5242285.00
2022/12/16,14554.21 ,14568.31 ,14447.77 ,14528.55 ,7782196.00
2022/12/19,14478.45 ,14493.72 ,14411.81 ,14433.32 ,5688846.00
2022/12/20,14410.75 ,14451.91 ,14157.99 ,14170.03 ,7111544.00
2022/12/21,14205.06 ,14291.98 ,14197.86 ,14234.40 ,5608140.00
2022/12/22,14323.04 ,14442.94 ,14323.04 ,14442.94 ,5575432.00
2022/12/23,14318.12 ,14318.12 ,14192.98 ,14271.63 ,4245235.00
2022/12/26,14271.20 ,14301.11 ,14253.20 ,14285.13 ,3106471.00
2022/12/27,14310.19 ,14410.24 ,14310.19 ,14328.43 ,3659061.00
2022/12/28,14249.83 ,14249.83 ,14119.30 ,14173.10 ,4430499.00
2022/12/29,14097.51 ,14120.57 ,13981.63 ,14085.02 ,4180927.00
2022/12/30,14183.52 ,14248.90 ,14137.69 ,14137.69 ,3496035.00
2023/01/03,14108.16 ,14237.94 ,14001.97 ,14224.12 ,4427323.00
2023/01/04,14186.95 ,14257.45 ,14177.97 ,14199.13 ,4516111.00
2023/01/05,14285.12 ,14357.60 ,14270.93 ,14301.05 ,4699844.00
2023/01/06,14278.52 ,14384.92 ,14278.52 ,14373.34 ,4361333.00
2023/01/09,14504.47 ,14752.21 ,14504.47 ,14752.21 ,6095905.00
2023/01/10,14796.27 ,14816.13 ,14728.56 ,14802.96 ,4629202.00
2023/01/11,14822.86 ,14842.74 ,14734.44 ,14751.44 ,3994253.00
2023/01/12,14780.58 ,14813.31 ,14700.73 ,14731.64 ,3765175.00
2023/01/13,14923.05 ,14962.31 ,14822.15 ,14824.13 ,3918527.00
2023/01/16,14895.26 ,14960.92 ,14895.26 ,14927.01 ,3571501.00
2023/01/17,14922.34 ,14945.23 ,14884.78 ,14932.93 ,3360505.00
2023/01/30,15291.53 ,15493.82 ,15291.53 ,15493.82 ,6919326.00
2023/01/31,15419.21 ,15441.98 ,15265.20 ,15265.20 ,6170613.00
2023/02/01,15346.35 ,15420.13 ,15291.68 ,15420.13 ,5598484.00
2023/02/02,15508.83 ,15602.09 ,15496.52 ,15595.16 ,6557794.00
2023/02/03,15591.95 ,15617.73 ,15504.03 ,15602.66 ,5360074.00
2023/02/06,15514.80 ,15514.80 ,15392.82 ,15392.82 ,4662408.00
2023/02/07,15376.12 ,15462.10 ,15363.65 ,15400.91 ,4292987.00
2023/02/08,15538.71 ,15631.22 ,15520.05 ,15618.17 ,5255236.00
2023/02/09,15590.00 ,15617.34 ,15553.84 ,15598.71 ,4366230.00
2023/02/10,15627.33 ,15628.30 ,15546.11 ,15586.65 ,4597233.00
2023/02/13,15564.76 ,15569.99 ,15465.56 ,15544.28 ,4154146.00
2023/02/14,15584.74 ,15669.63 ,15584.74 ,15654.48 ,4217899.00
2023/02/15,15497.67 ,15553.68 ,15388.85 ,15432.89 ,5089910.00
2023/02/16,15474.46 ,15585.48 ,15474.46 ,15550.50 ,5618302.00
2023/02/17,15503.75 ,15503.75 ,15418.43 ,15479.70 ,5043332.00
2023/02/20,15452.01 ,15575.32 ,15436.66 ,15551.23 ,5273643.00
2023/02/21,15535.64 ,15567.74 ,15496.73 ,15563.00 ,5253377.00
2023/02/22,15541.17 ,15541.17 ,15345.93 ,15418.77 ,5402433.00
2023/02/23,15463.46 ,15657.63 ,15463.46 ,15615.41 ,5872036.00
2023/02/24,15669.88 ,15717.96 ,15503.79 ,15503.79 ,5901107.00
2023/03/01,15435.38 ,15617.03 ,15387.38 ,15598.49 ,5674842.00
2023/03/02,15580.28 ,15618.06 ,15492.37 ,15598.72 ,4940073.00
2023/03/03,15621.36 ,15713.42 ,15606.85 ,15608.42 ,5370269.00
2023/03/06,15675.28 ,15818.88 ,15675.28 ,15763.51 ,6090623.00
2023/03/07,15763.87 ,15879.16 ,15749.04 ,15857.89 ,5513326.00
2023/03/08,15819.18 ,15821.49 ,15740.98 ,15818.20 ,6050588.00
2023/03/09,15827.98 ,15878.75 ,15770.66 ,15770.66 ,5887831.00
2023/03/10,15729.29 ,15729.29 ,15488.71 ,15526.20 ,7209043.00
2023/03/13,15514.03 ,15571.17 ,15349.67 ,15560.49 ,6154789.00
2023/03/14,15517.74 ,15517.74 ,15348.12 ,15360.42 ,6129081.00
2023/03/15,15425.99 ,15526.73 ,15387.59 ,15387.59 ,5636769.00
2023/03/16,15334.25 ,15334.25 ,15186.74 ,15221.12 ,6688306.00
2023/03/17,15337.97 ,15452.96 ,15337.97 ,15452.96 ,6140104.00
2023/03/20,15454.75 ,15488.98 ,15399.07 ,15419.97 ,4966795.00
2023/03/21,15437.95 ,15547.97 ,15437.95 ,15513.45 ,5007468.00
2023/03/22,15535.17 ,15760.46 ,15535.17 ,15760.46 ,5527343.00
2023/03/23,15711.60 ,15882.75 ,15680.84 ,15863.95 ,5396335.00
2023/03/24,15869.84 ,15921.97 ,15845.99 ,15914.70 ,5594716.00
2023/03/27,15873.67 ,15902.06 ,15821.63 ,15830.31 ,5112209.00
2023/03/28,15790.70 ,15846.54 ,15685.59 ,15701.48 ,4785305.00
2023/03/29,15766.29 ,15811.20 ,15681.10 ,15769.76 ,4465210.00
2023/03/30,15824.65 ,15885.21 ,15791.75 ,15849.43 ,4344704.00
2023/03/31,15874.19 ,15951.80 ,15857.19 ,15868.06 ,4855726.00
2023/04/06,15838.07 ,15838.07 ,15733.29 ,15810.77 ,5051314.00
2023/04/07,15856.19 ,15877.99 ,15811.19 ,15836.50 ,4238950.00
2023/04/10,15850.94 ,15919.76 ,15850.94 ,15876.17 ,4356302.00
2023/04/11,15886.46 ,15945.63 ,15838.10 ,15913.88 ,5018999.00
2023/04/12,15914.15 ,15944.32 ,15867.02 ,15932.97 ,5435877.00
2023/04/13,15888.63 ,15913.20 ,15800.42 ,15804.76 ,6279791.00
2023/04/14,15854.25 ,15973.82 ,15854.25 ,15929.43 ,6048915.00
2023/04/17,15934.64 ,15963.55 ,15894.77 ,15963.55 ,5899214.00
2023/04/18,15967.89 ,15967.89 ,15851.71 ,15869.44 ,5778934.00
2023/04/19,15874.65 ,15915.39 ,15756.75 ,15770.47 ,5795511.00
2023/04/20,15771.45 ,15804.38 ,15686.54 ,15707.52 ,5539416.00
2023/04/21,15776.54 ,15802.93 ,15592.96 ,15602.99 ,6056927.00
2023/04/24,15555.10 ,15643.86 ,15529.39 ,15626.87 ,4628032.00
2023/04/25,15606.83 ,15639.49 ,15353.22 ,15370.73 ,6476866.00
2023/04/26,15352.03 ,15398.40 ,15284.46 ,15374.63 ,5308551.00
2023/04/27,15374.39 ,15455.88 ,15306.69 ,15411.49 ,5020367.00
2023/04/28,15477.34 ,15580.63 ,15477.34 ,15579.18 ,5582127.00
2023/05/02,15588.68 ,15651.23 ,15532.63 ,15636.48 ,5567907.00
2023/05/03,15629.51 ,15629.51 ,15530.79 ,15553.41 ,5092780.00
2023/05/04,15548.02 ,15622.41 ,15523.50 ,15609.03 ,4891203.00
2023/05/05,15627.93 ,15673.62 ,15578.67 ,15626.07 ,4586675.00
2023/05/08,15648.54 ,15757.80 ,15648.54 ,15699.57 ,5395345.00
2023/05/09,15702.26 ,15744.27 ,15635.90 ,15727.70 ,5192657.00
2023/05/10,15708.48 ,15711.39 ,15579.49 ,15641.76 ,4625505.00
2023/05/11,15666.49 ,15675.37 ,15501.58 ,15514.64 ,4873012.00
2023/05/12,15477.12 ,15545.99 ,15424.42 ,15502.36 ,5132689.00
2023/05/15,15489.18 ,15510.09 ,15434.52 ,15475.05 ,4742994.00
2023/05/16,15550.57 ,15723.95 ,15550.57 ,15673.90 ,5084407.00
2023/05/17,15702.74 ,15961.97 ,15698.63 ,15925.29 ,6161177.00
2023/05/18,16060.26 ,16128.72 ,16015.62 ,16101.88 ,6611031.00
2023/05/19,16146.29 ,16189.81 ,16099.90 ,16174.92 ,7207535.00
2023/05/22,16168.74 ,16202.92 ,16131.55 ,16180.89 ,5888637.00
2023/05/23,16186.15 ,16239.50 ,16121.45 ,16188.03 ,5513115.00
2023/05/24,16186.62 ,16186.62 ,16070.16 ,16159.32 ,5415815.00
2023/05/25,16163.95 ,16323.77 ,16163.95 ,16292.00 ,6619735.00
2023/05/26,16509.14 ,16537.79 ,16457.74 ,16505.05 ,7255266.00
2023/05/29,16610.86 ,16683.76 ,16597.38 ,16636.30 ,7191495.00
2023/05/30,16648.77 ,16681.19 ,16579.13 ,16622.74 ,6482103.00
2023/05/31,16593.53 ,16636.65 ,16491.90 ,16578.96 ,7887933.00
2023/06/01,16511.00 ,16555.50 ,16477.43 ,16512.65 ,6519472.00
2023/06/02,16525.00 ,16752.20 ,16525.00 ,16706.91 ,7956094.00
2023/06/05,16714.48 ,16781.19 ,16703.60 ,16714.43 ,7901788.00
2023/06/06,16712.98 ,16793.81 ,16699.83 ,16761.66 ,6563012.00
2023/06/07,16771.76 ,16922.48 ,16771.76 ,16922.48 ,6570149.00
2023/06/08,16864.18 ,16899.51 ,16694.21 ,16733.69 ,6632985.00
2023/06/09,16775.92 ,16895.99 ,16775.92 ,16886.40 ,6166466.00
2023/06/12,16899.49 ,16999.72 ,16899.49 ,16955.37 ,6805620.00
2023/06/13,17135.84 ,17254.96 ,17129.23 ,17216.60 ,7487726.00
2023/06/14,17190.70 ,17259.23 ,17182.18 ,17238.14 ,7369331.00
2023/06/15,17259.37 ,17346.32 ,17259.37 ,17334.98 ,8147091.00
2023/06/16,17342.86 ,17342.86 ,17250.79 ,17288.91 ,9722832.00
2023/06/19,17274.07 ,17306.81 ,17210.87 ,17274.56 ,7496332.00
2023/06/20,17233.80 ,17247.16 ,17121.59 ,17184.91 ,6812226.00
2023/06/21,17186.72 ,17246.77 ,17131.45 ,17202.40 ,6883193.00
2023/06/26,17182.48 ,17182.48 ,17011.28 ,17059.24 ,6663091.00
2023/06/27,17022.15 ,17035.49 ,16887.90 ,16887.90 ,6665715.00
2023/06/28,16906.23 ,17011.12 ,16903.71 ,16935.63 ,5940529.00
2023/06/29,16930.41 ,17077.44 ,16911.38 ,16942.30 ,6173036.00
2023/06/30,16870.27 ,16919.95 ,16792.34 ,16915.54 ,6671810.00
2023/07/03,16946.71 ,17103.73 ,16946.71 ,17084.20 ,7397864.00
2023/07/04,17055.19 ,17154.10 ,17042.60 ,17140.77 ,7951802.00
2023/07/05,17130.26 ,17153.17 ,17020.01 ,17056.43 ,7276803.00
2023/07/06,17017.09 ,17017.09 ,16749.29 ,16762.17 ,7884657.00
2023/07/07,16736.94 ,16762.39 ,16593.84 ,16664.21 ,6849714.00
2023/07/10,16667.43 ,16798.81 ,16635.83 ,16652.80 ,6154372.00
2023/07/11,16675.69 ,16898.91 ,16675.69 ,16898.91 ,6961862.00
2023/07/12,16903.25 ,16962.03 ,16864.01 ,16962.03 ,7334366.00
2023/07/13,16994.59 ,17223.86 ,16994.59 ,17061.40 ,9286862.00
2023/07/14,17152.81 ,17287.40 ,17128.07 ,17283.71 ,8343133.00
2023/07/17,17279.11 ,17346.66 ,17235.92 ,17334.29 ,8368565.00
2023/07/18,17368.36 ,17401.59 ,17164.92 ,17227.91 ,9775425.00
2023/07/19,17265.38 ,17340.82 ,17082.54 ,17116.44 ,8084533.00
2023/07/20,17104.91 ,17214.41 ,17098.65 ,17164.89 ,6313982.00
2023/07/21,17106.29 ,17106.29 ,16859.13 ,17030.70 ,7694988.00
2023/07/24,17036.79 ,17098.73 ,16941.15 ,17033.61 ,7182357.00
2023/07/25,17061.88 ,17270.20 ,17061.88 ,17198.89 ,7371305.00
2023/07/26,17205.47 ,17247.02 ,17121.99 ,17162.55 ,7110367.00
2023/07/27,17189.30 ,17282.86 ,17189.30 ,17241.82 ,7599016.00
2023/07/28,17244.51 ,17328.21 ,17179.94 ,17292.93 ,7744942.00
2023/07/31,17341.04 ,17463.76 ,17081.48 ,17145.43 ,9128395.00
2023/08/01,17141.97 ,17252.32 ,17095.86 ,17212.87 ,7063479.00
2023/08/02,17207.22 ,17212.55 ,16844.57 ,16893.73 ,9190407.00
2023/08/04,16847.24 ,16887.38 ,16748.51 ,16843.68 ,7314773.00
2023/08/07,16870.81 ,17032.32 ,16868.74 ,16996.00 ,6264641.00
2023/08/08,17006.46 ,17043.56 ,16812.59 ,16877.07 ,6750517.00
2023/08/09,16836.64 ,16956.73 ,16798.50 ,16870.94 ,5957436.00
2023/08/10,16827.11 ,16827.11 ,16601.17 ,16634.70 ,7182123.00
2023/08/11,16644.65 ,16766.84 ,16601.25 ,16601.25 ,5629266.00
2023/08/14,16585.41 ,16585.41 ,16307.28 ,16393.66 ,7357665.00
2023/08/15,16438.63 ,16546.01 ,16437.63 ,16454.80 ,5959257.00
2023/08/16,16422.20 ,16446.78 ,16304.44 ,16446.78 ,6459109.00
2023/08/17,16411.63 ,16550.11 ,16264.65 ,16516.66 ,7125689.00
2023/08/18,16508.46 ,16583.95 ,16344.29 ,16381.31 ,7246690.00
2023/08/21,16414.14 ,16485.25 ,16347.77 ,16381.49 ,5426098.00
2023/08/22,16429.69 ,16535.07 ,16407.83 ,16437.61 ,5428567.00
2023/08/23,16440.39 ,16588.51 ,16440.39 ,16576.90 ,5531007.00
2023/08/24,16651.03 ,16822.36 ,16651.03 ,16770.87 ,7596547.00
2023/08/25,16708.53 ,16708.53 ,16481.58 ,16481.58 ,6149183.00
2023/08/28,16498.86 ,16582.96 ,16498.86 ,16509.26 ,5650625.00
2023/08/29,16528.49 ,16627.70 ,16495.76 ,16623.65 ,5029684.00
2023/08/30,16666.33 ,16780.42 ,16666.33 ,16719.82 ,5783468.00
2023/08/31,16707.35 ,16712.22 ,16630.67 ,16634.51 ,6337598.00
2023/09/01,16640.92 ,16730.13 ,16619.23 ,16644.94 ,5858177.00
2023/09/04,16649.67 ,16789.69 ,16648.51 ,16789.69 ,5493751.00
2023/09/05,16784.12 ,16791.61 ,16727.44 ,16791.61 ,5389791.00
2023/09/06,16796.37 ,16841.19 ,16732.69 ,16738.16 ,6167718.00
2023/09/07,16715.45 ,16715.45 ,16609.94 ,16619.14 ,5529953.00
2023/09/08,16609.93 ,16609.93 ,16505.64 ,16576.02 ,5107734.00
2023/09/11,16579.83 ,16600.03 ,16398.30 ,16432.95 ,6051740.00
2023/09/12,16433.82 ,16579.86 ,16422.91 ,16572.71 ,5408148.00
2023/09/13,16578.13 ,16653.30 ,16542.72 ,16581.51 ,5515375.00
2023/09/14,16581.62 ,16807.56 ,16581.62 ,16807.56 ,6359872.00
2023/09/15,16809.74 ,16920.92 ,16787.74 ,16920.92 ,8158060.00
2023/09/18,16893.97 ,16893.97 ,16698.24 ,16698.24 ,6078273.00
2023/09/19,16706.48 ,16762.52 ,16636.32 ,16636.32 ,5645206.00
2023/09/20,16626.61 ,16665.27 ,16522.38 ,16534.75 ,5988536.00
2023/09/21,16475.42 ,16475.42 ,16300.54 ,16316.67 ,6133771.00
2023/09/22,16267.32 ,16360.96 ,16202.43 ,16344.48 ,5214709.00
2023/09/25,16345.78 ,16498.38 ,16345.78 ,16452.23 ,4790555.00
2023/09/26,16440.26 ,16440.26 ,16276.07 ,16276.07 ,5184686.00
2023/09/27,16273.84 ,16324.22 ,16212.86 ,16310.36 ,4601829.00
2023/09/28,16330.71 ,16411.28 ,16311.41 ,16353.74 ,5113712.00
2023/10/02,16382.96 ,16575.31 ,16382.96 ,16557.31 ,5734001.00
2023/10/03,16520.24 ,16571.66 ,16453.80 ,16454.34 ,5892350.00
2023/10/04,16419.48 ,16419.48 ,16203.34 ,16273.38 ,5641720.00
2023/10/05,16313.89 ,16477.61 ,16313.89 ,16453.52 ,5252903.00
2023/10/06,16482.93 ,16539.13 ,16482.93 ,16520.57 ,4802052.00
2023/10/11,16567.43 ,16729.50 ,16567.43 ,16672.03 ,6743900.00
2023/10/12,16698.85 ,16825.91 ,16684.43 ,16825.91 ,5883086.00
2023/10/13,16815.91 ,16815.91 ,16726.43 ,16782.57 ,5853685.00
2023/10/16,16712.93 ,16712.93 ,16614.10 ,16652.24 ,5507462.00
2023/10/17,16678.28 ,16770.64 ,16618.30 ,16642.55 ,5405131.00
2023/10/18,16608.02 ,16612.25 ,16398.76 ,16440.91 ,7147874.00
2023/10/19,16416.54 ,16479.35 ,16382.40 ,16452.73 ,5556554.00
2023/10/20,16434.43 ,16462.56 ,16271.82 ,16440.72 ,6106263.00
2023/10/23,16391.41 ,16391.41 ,16245.84 ,16251.36 ,4924750.00
2023/10/24,16257.80 ,16318.77 ,16163.00 ,16309.76 ,5390408.00
2023/10/25,16320.71 ,16459.34 ,16320.71 ,16358.89 ,5418274.00
2023/10/26,16305.16 ,16305.16 ,16073.74 ,16073.74 ,5682316.00
2023/10/27,16112.75 ,16200.30 ,16112.75 ,16134.61 ,4562736.00
2023/10/30,16142.06 ,16203.33 ,16101.24 ,16149.68 ,4531453.00
2023/10/31,16176.58 ,16215.35 ,15975.91 ,16001.27 ,5582483.00
2023/11/01,16027.72 ,16099.03 ,15978.26 ,16038.56 ,4679344.00
2023/11/02,16094.26 ,16396.95 ,16094.26 ,16396.95 ,5467497.00
2023/11/03,16412.54 ,16520.10 ,16412.54 ,16507.65 ,5758266.00
2023/11/06,16572.56 ,16720.56 ,16572.56 ,16649.36 ,5913939.00
2023/11/07,16650.14 ,16684.95 ,16608.10 ,16684.95 ,4728818.00
2023/11/08,16691.32 ,16775.23 ,16665.40 ,16740.83 ,5597358.00
2023/11/09,16741.16 ,16759.43 ,16680.91 ,16745.65 ,5081119.00
2023/11/10,16725.94 ,16725.94 ,16651.23 ,16682.67 ,4635094.00
2023/11/13,16711.53 ,16961.02 ,16711.53 ,16839.29 ,5502240.00
2023/11/14,16884.52 ,16946.38 ,16884.52 ,16915.71 ,5471883.00
2023/11/15,17039.62 ,17143.88 ,17034.95 ,17128.78 ,7708865.00
2023/11/16,17136.52 ,17194.32 ,17089.40 ,17171.18 ,6383755.00
2023/11/17,17155.86 ,17253.47 ,17147.56 ,17208.95 ,6363298.00
2023/11/20,17197.82 ,17219.76 ,17151.82 ,17210.47 ,6131870.00
2023/11/21,17239.94 ,17421.17 ,17239.94 ,17416.70 ,7378981.00
2023/11/22,17325.60 ,17344.53 ,17264.95 ,17310.26 ,6155942.00
2023/11/23,17291.33 ,17343.61 ,17228.45 ,17294.55 ,6100401.00
2023/11/24,17304.65 ,17336.13 ,17268.38 ,17287.42 ,5487528.00
2023/11/27,17291.23 ,17351.93 ,17133.76 ,17137.42 ,6006736.00
2023/11/28,17150.30 ,17360.38 ,17145.20 ,17341.25 ,6327225.00
2023/11/29,17352.11 ,17441.79 ,17323.27 ,17370.56 ,7008357.00
2023/11/30,17389.20 ,17433.85 ,17313.30 ,17433.85 ,7348343.00
2023/12/01,17422.35 ,17450.13 ,17355.89 ,17438.35 ,6449439.00
2023/12/04,17450.64 ,17516.61 ,17398.10 ,17421.48 ,7455122.00
2023/12/05,17401.59 ,17401.59 ,17252.57 ,17328.01 ,7011018.00
2023/12/06,17340.82 ,17439.85 ,17337.47 ,17360.72 ,6495028.00
2023/12/07,17356.92 ,17387.94 ,17273.71 ,17278.74 ,6960938.00
2023/12/08,17309.36 ,17465.35 ,17309.36 ,17383.99 ,6460484.00
2023/12/11,17416.96 ,17451.82 ,17372.82 ,17418.34 ,6178381.00
2023/12/12,17429.61 ,17528.72 ,17404.88 ,17450.63 ,6593662.00
2023/12/13,17447.51 ,17507.92 ,17438.69 ,17468.93 ,7022597.00
2023/12/14,17482.38 ,17668.35 ,17482.38 ,17653.11 ,8512618.00
2023/12/15,17693.33 ,17743.54 ,17642.79 ,17673.87 ,9256588.00
2023/12/18,17637.86 ,17665.91 ,17586.88 ,17652.03 ,7531216.00
2023/12/19,17669.84 ,17669.84 ,17497.32 ,17576.55 ,7179470.00
2023/12/20,17608.35 ,17657.65 ,17597.48 ,17635.20 ,7112769.00
2023/12/21,17531.45 ,17552.90 ,17442.76 ,17543.74 ,7391178.00
2023/12/22,17586.16 ,17618.17 ,17567.55 ,17596.63 ,6878372.00
2023/12/25,17596.27 ,17663.35 ,17595.27 ,17604.84 ,5771072.00
2023/12/26,17619.09 ,17751.73 ,17619.09 ,17751.73 ,5536355.00
2023/12/27,17766.73 ,17897.16 ,17766.73 ,17891.50 ,6800409.00
2023/12/28,17900.76 ,17928.14 ,17841.76 ,17910.37 ,6580845.00
2023/12/29,17893.63 ,17945.70 ,17864.23 ,17930.81 ,5813967.00
2024/01/02,17939.79 ,17956.74 ,17784.97 ,17853.76 ,6411778.00
2024/01/03,17829.28 ,17829.28 ,17518.19 ,17559.31 ,6563816.00
2024/01/04,17574.39 ,17609.89 ,17515.73 ,17549.65 ,6326304.00
2024/01/05,17559.40 ,17606.79 ,17495.39 ,17519.14 ,6072525.00
2024/01/08,17534.52 ,17688.11 ,17534.52 ,17572.66 ,6306940.00
2024/01/09,17585.40 ,17694.26 ,17517.55 ,17535.49 ,6232655.00
2024/01/10,17495.67 ,17499.43 ,17439.27 ,17465.63 ,5764346.00
2024/01/11,17477.88 ,17574.92 ,17476.87 ,17545.32 ,6087970.00
2024/01/12,17536.05 ,17570.63 ,17469.87 ,17512.83 ,5783781.00
2024/01/15,17541.26 ,17632.77 ,17532.98 ,17546.82 ,5999846.00
2024/01/16,17523.78 ,17523.78 ,17337.58 ,17346.87 ,7003194.00
2024/01/17,17341.58 ,17361.05 ,17151.58 ,17161.79 ,8135054.00
2024/01/18,17169.10 ,17300.29 ,17169.10 ,17227.79 ,6362222.00
2024/01/19,17546.51 ,17682.97 ,17499.85 ,17681.52 ,7366926.00
2024/01/22,17770.78 ,17869.07 ,17765.13 ,17815.10 ,7440321.00
2024/01/23,17840.28 ,17893.73 ,17801.89 ,17874.59 ,6799686.00
2024/01/24,17883.62 ,17944.98 ,17856.34 ,17875.83 ,6085817.00
2024/01/25,17894.83 ,18014.26 ,17894.83 ,18002.62 ,6194925.00
2024/01/26,17985.44 ,18029.85 ,17943.65 ,17995.03 ,5484262.00
2024/01/29,18001.24 ,18119.63 ,17995.11 ,18119.63 ,5297437.00
2024/01/30,18083.45 ,18138.74 ,18034.63 ,18034.63 ,5885319.00
2024/01/31,17970.41 ,17996.33 ,17874.95 ,17889.56 ,5498408.00
2024/02/01,17871.27 ,17968.11 ,17832.95 ,17968.11 ,5865757.00
2024/02/02,18016.35 ,18059.93 ,17985.89 ,18059.93 ,5660501.00
2024/02/05,18047.40 ,18115.80 ,17992.17 ,18096.07 ,5578682.00
2024/02/15,18664.45 ,18725.47 ,18550.86 ,18644.57 ,8401984.00
2024/02/16,18639.66 ,18715.69 ,18585.14 ,18607.25 ,7844208.00
2024/02/19,18561.04 ,18663.74 ,18561.04 ,18635.80 ,7707547.00
2024/02/20,18610.21 ,18756.33 ,18610.21 ,18753.16 ,7064550.00
2024/02/21,18673.49 ,18729.03 ,18645.27 ,18676.31 ,7279039.00
2024/02/22,18826.85 ,18881.77 ,18758.15 ,18852.78 ,7544144.00
2024/02/23,18950.07 ,19012.38 ,18889.19 ,18889.19 ,7868781.00
2024/02/26,18899.39 ,18974.08 ,18854.71 ,18948.05 ,7062243.00
2024/02/27,18964.49 ,19023.01 ,18752.53 ,18854.41 ,7916887.00
2024/02/29,18796.54 ,19019.69 ,18794.62 ,18966.77 ,7568554.00
2024/03/01,19021.35 ,19041.92 ,18923.46 ,18935.93 ,7573187.00
2024/03/04,18952.69 ,19333.39 ,18952.69 ,19305.31 ,8836524.00
2024/03/05,19398.97 ,19453.85 ,19332.73 ,19386.92 ,8130039.00
2024/03/06,19283.61 ,19532.30 ,19246.30 ,19499.45 ,8275991.00
2024/03/07,19678.36 ,19794.57 ,19630.79 ,19693.52 ,9410905.00
2024/03/08,19966.49 ,20065.50 ,19638.13 ,19785.32 ,10441231.00
2024/03/11,19671.90 ,19828.70 ,19649.67 ,19726.08 ,7833500.00
2024/03/12,19672.76 ,19917.06 ,19664.71 ,19914.55 ,8460730.00
2024/03/13,20024.83 ,20112.81 ,19866.73 ,19928.51 ,9706968.00
2024/03/14,19920.63 ,19995.51 ,19775.50 ,19937.92 ,8827167.00
2024/03/15,19845.45 ,19888.13 ,19682.50 ,19682.50 ,9670515.00
2024/03/18,19706.11 ,19879.86 ,19706.11 ,19879.85 ,7757012.00
2024/03/19,19798.12 ,19921.25 ,19762.16 ,19857.20 ,8621957.00
2024/03/20,19879.25 ,19994.42 ,19728.43 ,19784.45 ,10021992.00
2024/03/21,19843.80 ,20199.30 ,19843.80 ,20199.09 ,9714309.00
2024/03/22,20232.06 ,20296.10 ,20084.31 ,20228.43 ,9739588.00
2024/03/25,20228.64 ,20285.38 ,20172.80 ,20192.25 ,7774647.00
2024/03/26,20208.88 ,20397.07 ,19977.40 ,20126.49 ,9364343.00
2024/03/27,20158.07 ,20255.10 ,20108.96 ,20200.12 ,7726443.00
2024/03/28,20213.34 ,20222.20 ,20065.93 ,20146.55 ,8671376.00
2024/03/29,20156.34 ,20335.92 ,20156.34 ,20294.45 ,8501295.00
2024/04/01,20319.73 ,20387.23 ,20217.58 ,20222.33 ,8434260.00
2024/04/02,20359.81 ,20466.57 ,20359.81 ,20466.57 ,8095952.00
2024/04/03,20388.84 ,20403.73 ,20269.66 ,20337.60 ,7343173.00
2024/04/08,20395.05 ,20487.83 ,20379.83 ,20417.70 ,7833324.00
2024/04/09,20521.56 ,20820.81 ,20521.56 ,20796.20 ,9050814.00
2024/04/10,20789.42 ,20883.69 ,20763.53 ,20763.53 ,8716653.00
2024/04/11,20713.25 ,20770.83 ,20651.88 ,20753.22 ,8914560.00
2024/04/12,20772.79 ,20825.04 ,20713.87 ,20736.57 ,8851979.00
2024/04/15,20586.53 ,20623.77 ,20449.77 ,20449.77 ,9618574.00
2024/04/16,20365.11 ,20365.11 ,19844.54 ,19901.96 ,11746011.00
2024/04/17,19986.62 ,20264.99 ,19986.62 ,20213.33 ,7877446.00
2024/04/18,20126.57 ,20363.09 ,20057.81 ,20301.20 ,8879764.00
2024/04/19,19992.06 ,19992.06 ,19291.88 ,19527.12 ,14220809.00
2024/04/22,19466.44 ,19695.49 ,19395.31 ,19411.22 ,10228829.00
2024/04/23,19564.38 ,19709.00 ,19509.74 ,19599.28 ,7253946.00
2024/04/24,19770.46 ,20165.77 ,19770.46 ,20131.74 ,9111612.00
2024/04/25,20003.00 ,20003.00 ,19848.57 ,19857.42 ,7577774.00
2024/04/26,20094.17 ,20226.29 ,20087.61 ,20120.51 ,8712330.00
2024/04/29,20235.93 ,20495.52 ,20235.93 ,20495.52 ,10073768.00
2024/04/30,20508.48 ,20559.97 ,20396.60 ,20396.60 ,7574611.00
2024/05/02,20360.67 ,20360.67 ,20222.44 ,20222.44 ,8406070.00
2024/05/03,20381.98 ,20521.49 ,20272.34 ,20330.32 ,8493343.00
2024/05/06,20479.80 ,20639.90 ,20479.80 ,20523.31 ,8531380.00
2024/05/07,20634.62 ,20689.19 ,20493.80 ,20653.53 ,8310364.00
2024/05/08,20604.18 ,20700.51 ,20547.48 ,20700.51 ,8266990.00
2024/05/09,20710.05 ,20754.61 ,20560.77 ,20560.77 ,8462569.00
2024/05/10,20582.12 ,20765.82 ,20574.01 ,20708.84 ,9484962.00
2024/05/13,20905.16 ,20933.28 ,20816.42 ,20857.71 ,9004389.00
2024/05/14,20835.95 ,20994.53 ,20816.77 ,20985.85 ,9083268.00
2024/05/15,20984.70 ,21308.32 ,20984.70 ,21147.21 ,10020867.00
2024/05/16,21319.02 ,21515.52 ,21249.88 ,21304.26 ,10676029.00
2024/05/17,21346.75 ,21346.75 ,21218.34 ,21258.47 ,9381134.00
2024/05/20,21278.38 ,21338.35 ,21102.18 ,21271.63 ,9698206.00
2024/05/21,21239.26 ,21307.08 ,21131.62 ,21236.75 ,8349241.00
2024/05/22,21248.99 ,21567.48 ,21248.99 ,21551.83 ,9892255.00
2024/05/23,21668.84 ,21668.84 ,21475.99 ,21607.43 ,10342069.00
2024/05/24,21442.67 ,21608.72 ,21381.25 ,21565.34 ,8654957.00
2024/05/27,21699.98 ,21871.34 ,21699.98 ,21803.77 ,10249255.00
2024/05/28,21812.20 ,21937.40 ,21812.20 ,21858.41 ,9828428.00
2024/05/29,21846.41 ,21906.10 ,21662.50 ,21662.50 ,10075066.00
2024/05/30,21481.39 ,21558.36 ,21364.24 ,21364.48 ,9367769.00
2024/05/31,21400.83 ,21539.03 ,21174.22 ,21174.22 ,11881955.00
2024/06/03,21388.71 ,21612.54 ,21372.08 ,21536.76 ,9227882.00
2024/06/04,21513.85 ,21529.98 ,21308.97 ,21356.62 ,9533375.00
2024/06/05,21385.00 ,21510.86 ,21264.63 ,21484.88 ,8309415.00
2024/06/06,21856.13 ,21970.63 ,21847.68 ,21902.70 ,9720110.00
2024/06/07,21823.62 ,21920.85 ,21823.62 ,21858.38 ,9413696.00
2024/06/11,21984.42 ,22003.71 ,21792.12 ,21792.12 ,10336042.00
2024/06/12,21841.81 ,22094.94 ,21841.81 ,22048.96 ,8993663.00
2024/06/13,22217.64 ,22440.10 ,22211.08 ,22312.04 ,10063123.00
2024/06/14,22311.93 ,22504.72 ,22252.02 ,22504.72 ,9573063.00
2024/06/17,22468.11 ,22567.34 ,22431.26 ,22496.53 ,9540532.00
2024/06/18,22690.34 ,22787.67 ,22642.94 ,22757.43 ,9626522.00
2024/06/19,22858.45 ,23275.30 ,22858.45 ,23209.54 ,11548968.00
2024/06/20,23196.69 ,23406.10 ,23180.70 ,23406.10 ,10071394.00
2024/06/21,23193.90 ,23351.17 ,23151.15 ,23253.39 ,12435288.00
2024/06/24,23124.31 ,23131.68 ,22813.70 ,22813.70 ,10868484.00
2024/06/25,22695.15 ,22875.97 ,22503.00 ,22875.97 ,9415655.00
2024/06/26,22938.57 ,23074.74 ,22893.75 ,22986.69 ,9402611.00
2024/06/27,22859.93 ,22922.56 ,22765.16 ,22905.98 ,9517113.00
2024/06/28,22896.72 ,23142.40 ,22896.72 ,23032.25 ,9156285.00
2024/07/01,23042.70 ,23187.88 ,23015.17 ,23058.57 ,9519820.00
2024/07/02,23012.74 ,23041.90 ,22833.78 ,22879.37 ,10730848.00
2024/07/03,23009.82 ,23172.43 ,22994.28 ,23172.43 ,11022883.00
2024/07/04,23360.88 ,23571.82 ,23360.88 ,23522.53 ,11530961.00
2024/07/05,23532.01 ,23628.86 ,23491.79 ,23556.59 ,10664306.00
2024/07/08,23550.64 ,24011.64 ,23505.86 ,23878.15 ,11657426.00
2024/07/09,23888.20 ,24126.66 ,23607.92 ,23900.08 ,12440604.00
2024/07/10,23744.88 ,24040.61 ,23682.49 ,24007.08 ,10720034.00
2024/07/11,24242.03 ,24416.67 ,24151.80 ,24390.03 ,11951313.00
2024/07/12,23955.67 ,24045.73 ,23774.22 ,23916.93 ,12595197.00
2024/07/15,23927.91 ,24018.31 ,23759.51 ,23879.36 ,10191840.00
2024/07/16,23880.33 ,24174.18 ,23861.77 ,23997.25 ,9715661.00
2024/07/17,23827.27 ,23993.68 ,23650.94 ,23769.82 ,11672877.00
2024/07/18,23373.01 ,23450.91 ,23148.74 ,23398.47 ,11780624.00
2024/07/19,23228.04 ,23235.82 ,22865.84 ,22869.26 ,11316053.00
2024/07/22,22818.86 ,22818.86 ,22130.88 ,22256.99 ,11952430.00
2024/07/23,22514.75 ,22871.84 ,22514.75 ,22871.84 ,8708465.00
2024/07/26,22206.93 ,22206.93 ,21889.61 ,22119.21 ,10442613.00
2024/07/29,22321.37 ,22471.40 ,22128.14 ,22164.49 ,8828797.00
2024/07/30,22040.04 ,22276.39 ,21833.85 ,22223.57 ,8965809.00
2024/07/31,22088.78 ,22315.31 ,22046.29 ,22199.35 ,8511323.00
2024/08/01,22546.40 ,22652.21 ,22465.06 ,22642.10 ,9587317.00
2024/08/02,22141.20 ,22141.20 ,21636.22 ,21638.09 ,11661822.00
2024/08/05,20982.92 ,20982.92 ,19783.50 ,19830.88 ,15669316.00
2024/08/06,20344.39 ,20751.50 ,19662.74 ,20501.02 ,13253199.00
2024/08/07,20638.28 ,21306.23 ,20638.28 ,21295.28 ,9430851.00
2024/08/08,21047.16 ,21074.19 ,20723.26 ,20870.10 ,8112423.00
2024/08/09,21212.00 ,21613.76 ,21212.00 ,21469.00 ,9145607.00
2024/08/12,21598.93 ,21897.98 ,21598.93 ,21773.26 ,8103860.00
2024/08/13,21816.07 ,21866.63 ,21698.47 ,21796.57 ,7153087.00
2024/08/14,21952.03 ,22155.29 ,21942.22 ,22027.25 ,8374999.00
2024/08/15,22005.69 ,22089.04 ,21895.17 ,21895.17 ,7292001.00
2024/08/16,22114.72 ,22374.94 ,22114.72 ,22349.33 ,8235886.00
2024/08/19,22338.83 ,22485.91 ,22307.17 ,22409.63 ,7101238.00
2024/08/20,22464.07 ,22545.89 ,22369.25 ,22429.10 ,7843839.00
2024/08/21,22316.78 ,22358.88 ,22165.82 ,22237.89 ,8078459.00
2024/08/22,22254.59 ,22315.92 ,22096.26 ,22148.83 ,6485403.00
2024/08/23,22042.59 ,22159.27 ,21935.98 ,22158.05 ,8158257.00
2024/08/26,22250.49 ,22449.45 ,22164.53 ,22240.12 ,9295320.00
2024/08/27,22179.21 ,22205.11 ,22059.51 ,22185.00 ,7336667.00
2024/08/28,22210.57 ,22370.66 ,22108.86 ,22370.66 ,7088221.00
2024/08/29,22136.31 ,22273.62 ,22010.89 ,22201.85 ,7478271.00
2024/08/30,22230.07 ,22342.25 ,22230.07 ,22268.09 ,8361576.00
2024/09/02,22341.90 ,22439.31 ,22178.04 ,22235.10 ,6791049.00
2024/09/03,22240.11 ,22303.50 ,22092.21 ,22092.21 ,6837468.00
2024/09/04,21574.65 ,21574.65 ,20922.17 ,21092.75 ,11157824.00
2024/09/05,21271.09 ,21488.81 ,21150.99 ,21187.71 ,7964799.00
2024/09/06,21255.45 ,21461.71 ,21125.14 ,21435.19 ,6584784.00
2024/09/09,21127.81 ,21163.91 ,20922.51 ,21144.44 ,7793314.00
2024/09/10,21252.57 ,21324.43 ,20977.00 ,21064.08 ,7275918.00
2024/09/11,21089.18 ,21134.05 ,21031.00 ,21031.00 ,6710882.00
2024/09/12,21373.64 ,21706.85 ,21373.64 ,21653.25 ,7930915.00
2024/09/13,21754.36 ,21796.39 ,21643.22 ,21759.65 ,6059733.00
2024/09/16,21800.00 ,21854.74 ,21736.70 ,21850.08 ,6105105.00
2024/09/18,21813.54 ,21859.16 ,21584.63 ,21678.84 ,7979840.00
2024/09/19,21675.40 ,22042.69 ,21656.66 ,22042.69 ,7947109.00
2024/09/20,22246.24 ,22354.54 ,22136.53 ,22159.42 ,9689069.00
2024/09/23,22170.94 ,22307.46 ,22170.94 ,22285.53 ,7121310.00
2024/09/24,22273.79 ,22431.78 ,22154.55 ,22431.78 ,7862076.00
2024/09/25,22569.29 ,22785.32 ,22569.29 ,22761.60 ,9143783.00
2024/09/26,22841.42 ,22961.77 ,22769.24 ,22858.81 ,9160464.00
2024/09/27,22978.97 ,23079.21 ,22806.83 ,22822.79 ,9742471.00
2024/09/30,22643.91 ,22691.23 ,22224.54 ,22224.54 ,9221061.00
2024/10/01,22329.65 ,22446.86 ,22311.33 ,22390.39 ,6546005.00
2024/10/04,22459.10 ,22493.05 ,22193.50 ,22302.71 ,9601367.00
2024/10/07,22479.24 ,22719.07 ,22479.24 ,22702.56 ,9016648.00
2024/10/08,22691.32 ,22691.32 ,22418.38 ,22611.39 ,9567321.00
2024/10/09,22637.17 ,22885.95 ,22637.17 ,22659.08 ,8833974.00
2024/10/11,22726.19 ,23011.11 ,22726.19 ,22901.64 ,7292297.00
2024/10/14,22947.32 ,23015.55 ,22799.14 ,22975.29 ,6998458.00
2024/10/15,23083.70 ,23353.91 ,23082.06 ,23292.04 ,8377162.00
2024/10/16,22990.64 ,23258.52 ,22866.73 ,23010.98 ,8256820.00
2024/10/17,23114.21 ,23191.79 ,22950.70 ,23053.84 ,7296757.00
2024/10/18,23620.57 ,23713.70 ,23378.36 ,23487.27 ,8681228.00
2024/10/21,23602.98 ,23678.51 ,23480.06 ,23542.53 ,7090579.00
2024/10/22,23428.11 ,23535.43 ,23269.86 ,23535.43 ,7397918.00
2024/10/23,23402.24 ,23486.45 ,23318.84 ,23334.76 ,6840533.00
2024/10/24,23446.64 ,23446.64 ,23150.77 ,23192.52 ,7053500.00
2024/10/25,23255.07 ,23388.53 ,23222.77 ,23348.45 ,5949900.00
2024/10/28,23455.69 ,23547.12 ,23164.42 ,23198.07 ,6484900.00
2024/10/29,23048.45 ,23056.57 ,22711.10 ,22926.59 ,7002228.00
2024/10/30,22985.13 ,23116.33 ,22801.45 ,22820.43 ,6385074.00
2024/11/01,22438.93 ,22828.98 ,22231.94 ,22780.08 ,8015830.00
2024/11/04,22839.18 ,23020.99 ,22792.77 ,22965.39 ,6638863.00
2024/11/05,22870.11 ,23178.80 ,22849.83 ,23106.79 ,6504125.00
2024/11/06,23112.95 ,23439.39 ,23035.30 ,23217.38 ,8013368.00
2024/11/07,23180.01 ,23518.63 ,23132.94 ,23408.82 ,8714755.00
2024/11/08,23608.11 ,23699.70 ,23509.13 ,23553.89 ,8522966.00
2024/11/11,23477.75 ,23563.80 ,23306.66 ,23529.64 ,7157746.00
2024/11/12,23276.76 ,23276.76 ,22981.77 ,22981.77 ,8798515.00
2024/11/13,22894.91 ,23046.47 ,22860.23 ,22860.23 ,7454299.00
2024/11/14,22821.04 ,22893.82 ,22619.71 ,22715.38 ,8159633.00
2024/11/15,22767.11 ,22940.80 ,22690.77 ,22742.77 ,7887946.00
2024/11/18,22693.96 ,22781.77 ,22503.69 ,22546.54 ,7378710.00
2024/11/19,22614.74 ,22906.69 ,22578.75 ,22848.80 ,7496707.00
2024/11/20,22872.91 ,22977.56 ,22622.47 ,22688.36 ,7304592.00
2024/11/21,22671.66 ,22708.57 ,22490.28 ,22555.66 ,6888868.00
2024/11/22,22799.53 ,23019.04 ,22799.53 ,22904.32 ,7592870.00
2024/11/25,22996.05 ,23172.43 ,22948.37 ,22948.37 ,9016499.00
2024/11/26,22789.60 ,22832.11 ,22645.13 ,22678.76 ,6587493.00
2024/11/27,22665.58 ,22743.99 ,22334.78 ,22334.78 ,7465837.00
2024/11/28,22380.45 ,22413.25 ,22124.31 ,22298.90 ,6876239.00
2024/11/29,22202.28 ,22429.86 ,22055.38 ,22262.50 ,6121271.00
2024/12/02,22456.50 ,22802.53 ,22456.50 ,22736.93 ,6539080.00
2024/12/03,22972.30 ,23144.78 ,22972.30 ,23027.46 ,8437009.00
2024/12/04,23126.08 ,23255.33 ,23034.70 ,23255.33 ,7115251.00
2024/12/05,23308.29 ,23387.17 ,23225.31 ,23267.94 ,6865840.00
2024/12/06,23278.68 ,23361.12 ,23137.62 ,23193.27 ,6678931.00
2024/12/09,23287.79 ,23325.99 ,23172.22 ,23273.25 ,6787692.00
2024/12/10,23228.26 ,23329.01 ,23071.43 ,23125.08 ,6780099.00
2024/12/11,23108.36 ,23108.36 ,22880.57 ,22903.63 ,6353873.00
2024/12/12,23050.64 ,23189.29 ,23030.48 ,23046.80 ,6832459.00
2024/12/13,23002.37 ,23097.52 ,22920.84 ,23020.48 ,6829297.00
2024/12/16,23207.21 ,23264.40 ,22959.91 ,23039.90 ,6906349.00
2024/12/17,23131.57 ,23223.51 ,23018.01 ,23018.01 ,7111819.00
2024/12/18,23014.43 ,23211.17 ,22934.59 ,23168.67 ,7096609.00
2024/12/19,22947.56 ,22947.56 ,22743.30 ,22932.25 ,7634774.00
2024/12/20,22798.39 ,22845.59 ,22510.25 ,22510.25 ,8492203.00
2024/12/23,22811.56 ,23132.25 ,22811.56 ,23104.54 ,6879560.00
2024/12/24,23260.74 ,23326.25 ,23120.24 ,23120.24 ,6550529.00
2024/12/25,23226.35 ,23296.36 ,23159.36 ,23220.13 ,5918131.00
2024/12/26,23276.08 ,23320.62 ,23241.94 ,23246.94 ,5748734.00
2024/12/27,23251.28 ,23335.66 ,23204.35 ,23275.68 ,5282782.00
2024/12/30,23274.26 ,23331.67 ,23159.70 ,23190.20 ,5188922.00
2024/12/31,23094.07 ,23123.96 ,22972.99 ,23035.10 ,5527015.00
2025/01/02,22975.71 ,23038.08 ,22713.63 ,22832.06 ,6901476.00
2025/01/03,23018.56 ,23092.07 ,22905.40 ,22908.30 ,6197928.00
2025/01/06,23131.79 ,23553.29 ,23131.79 ,23547.71 ,7153019.00
2025/01/07,23824.72 ,23943.95 ,23651.27 ,23651.27 ,7417093.00
2025/01/08,23522.29 ,23671.28 ,23388.63 ,23407.33 ,6069785.00
2025/01/09,23406.72 ,23463.96 ,23081.13 ,23081.13 ,6729365.00
2025/01/10,23067.46 ,23202.25 ,22989.67 ,23011.86 ,6018777.00
2025/01/13,23070.32 ,23070.32 ,22458.22 ,22488.33 ,7967679.00
2025/01/14,22573.96 ,22797.52 ,22542.93 ,22797.52 ,5077382.00
2025/01/15,22757.46 ,22777.34 ,22509.65 ,22514.57 ,5200875.00
2025/01/16,22817.52 ,23147.69 ,22817.52 ,23025.10 ,5748443.00
2025/01/17,23190.12 ,23209.88 ,22905.53 ,23148.08 ,5442058.00
2025/01/20,23203.47 ,23346.64 ,23176.43 ,23266.82 ,5022728.00
2025/01/21,23266.49 ,23377.64 ,23174.02 ,23300.01 ,4315813.00
2025/01/22,23472.67 ,23642.08 ,23472.67 ,23525.41 ,5160999.00
2025/02/03,22796.71 ,22796.71 ,22502.20 ,22694.71 ,7689151.00
2025/02/04,22836.27 ,22934.31 ,22720.62 ,22793.96 ,6940459.00
2025/02/05,22916.38 ,23249.33 ,22916.38 ,23161.58 ,5984578.00
2025/02/06,23226.50 ,23348.42 ,23216.65 ,23316.60 ,5581052.00
2025/02/07,23289.97 ,23478.27 ,23254.17 ,23478.27 ,5980328.00
2025/02/10,23421.77 ,23448.16 ,23163.85 ,23252.14 ,5799480.00
2025/02/11,23321.92 ,23485.51 ,23289.76 ,23384.05 ,5923166.00
2025/02/12,23449.31 ,23528.61 ,23289.75 ,23289.75 ,6224128.00
2025/02/13,23263.28 ,23413.10 ,23206.45 ,23399.41 ,7333190.00
2025/02/14,23198.39 ,23276.24 ,23142.95 ,23152.61 ,7543572.00
2025/02/17,23258.17 ,23510.68 ,23242.84 ,23505.33 ,7348992.00
2025/02/18,23550.50 ,23666.11 ,23454.09 ,23666.11 ,6663218.00
2025/02/19,23589.44 ,23683.46 ,23550.99 ,23604.08 ,7287234.00
2025/02/20,23530.97 ,23576.71 ,23400.75 ,23487.46 ,7049129.00
2025/02/21,23526.13 ,23732.58 ,23488.42 ,23730.25 ,7160637.00
2025/02/24,23573.80 ,23605.22 ,23461.43 ,23565.31 ,7075015.00
2025/02/25,23376.42 ,23376.42 ,23209.53 ,23285.72 ,7531906.00
2025/02/26,23221.84 ,23431.24 ,23156.02 ,23402.55 ,6886556.00
2025/02/27,23446.46 ,23487.73 ,23053.18 ,23053.18 ,8994191.00
2025/03/03,22734.05 ,22775.02 ,22611.10 ,22756.25 ,7315722.00
2025/03/04,22508.80 ,22700.94 ,22359.50 ,22596.88 ,7667305.00
2025/03/05,22778.86 ,22948.30 ,22757.22 ,22871.90 ,7220068.00
2025/03/06,22930.11 ,22979.97 ,22715.43 ,22715.43 ,6624545.00
2025/03/07,22696.23 ,22747.11 ,22542.08 ,22576.07 ,6465829.00
2025/03/10,22548.98 ,22641.25 ,22407.57 ,22459.15 ,6345999.00
2025/03/11,22126.06 ,22140.39 ,21769.57 ,22071.09 ,8053156.00
2025/03/12,22171.10 ,22391.47 ,22153.61 ,22278.36 ,6682514.00
2025/03/13,22403.34 ,22552.43 ,21961.68 ,21961.68 ,7430996.00
2025/03/14,21986.81 ,22074.03 ,21895.90 ,21968.05 ,7243124.00
2025/03/17,22137.53 ,22306.83 ,22110.08 ,22118.63 ,6360352.00
2025/03/18,22204.62 ,22327.10 ,22186.42 ,22271.67 ,5824074.00
2025/03/19,22245.42 ,22247.66 ,21942.69 ,21960.83 ,6087757.00
2025/03/20,22171.00 ,22377.26 ,22171.00 ,22377.26 ,5714382.00
2025/03/21,22362.38 ,22366.95 ,22200.23 ,22209.10 ,6429617.00
2025/03/24,22348.38 ,22380.73 ,22106.64 ,22106.64 ,5021528.00
2025/03/25,22269.37 ,22414.02 ,22228.68 ,22273.19 ,4993587.00
2025/03/26,22327.61 ,22398.12 ,22235.89 ,22260.29 ,4406501.00
2025/03/27,22093.20 ,22093.20 ,21919.40 ,21951.76 ,5608186.00
2025/03/28,21836.16 ,21836.16 ,21525.05 ,21602.89 ,6814236.00
2025/03/31,21254.63 ,21254.63 ,20695.90 ,20695.90 ,8683910.00
2025/04/01,20884.53 ,21315.52 ,20884.53 ,21280.17 ,5826078.00
2025/04/02,21313.77 ,21390.52 ,21235.99 ,21298.22 ,4985282.00
2025/04/07,20153.57 ,20153.57 ,19212.02 ,19232.35 ,5683302.00
2025/04/08,19064.47 ,19064.47 ,18180.48 ,18459.95 ,12393863.00
2025/04/09,18337.44 ,18371.52 ,17306.97 ,17391.76 ,12614257.00
2025/04/10,18256.47 ,19024.47 ,18256.47 ,19000.03 ,5329120.00
2025/04/11,18772.50 ,19528.77 ,18418.20 ,19528.77 ,9129660.00
2025/04/14,19686.68 ,20023.63 ,19508.93 ,19513.09 ,7665646.00
2025/04/15,19609.90 ,19895.43 ,19576.15 ,19857.67 ,5242983.00
2025/04/16,19737.09 ,19737.09 ,19453.14 ,19468.00 ,5216346.00
2025/04/17,19389.52 ,19478.00 ,19196.47 ,19338.73 ,4599431.00
2025/04/18,19423.98 ,19499.28 ,19376.35 ,19395.03 ,3792878.00
2025/04/21,19321.14 ,19359.96 ,19080.60 ,19106.20 ,4486948.00
2025/04/22,18990.86 ,19059.65 ,18793.43 ,18793.43 ,4881720.00
2025/04/23,19163.61 ,19639.14 ,19163.61 ,19639.14 ,5314940.00
2025/04/24,19752.59 ,19752.59 ,19433.37 ,19478.81 ,4358134.00
2025/04/25,19861.24 ,20012.27 ,19861.24 ,19872.73 ,4961167.00
2025/04/28,19972.07 ,20073.75 ,19972.07 ,20034.41 ,3948682.00
2025/04/29,20018.32 ,20232.63 ,20007.30 ,20232.63 ,4654115.00
2025/04/30,20215.39 ,20331.89 ,20185.31 ,20235.03 ,5103616.00
2025/05/02,20534.08 ,20787.64 ,20534.08 ,20787.64 ,5955569.00
2025/05/05,20839.04 ,20885.54 ,20320.80 ,20532.99 ,7760468.00
2025/05/06,20353.88 ,20623.85 ,20349.56 ,20522.59 ,5768063.00
2025/05/07,20575.15 ,20685.28 ,20418.03 ,20546.49 ,5075266.00
2025/05/08,20559.65 ,20747.28 ,20543.40 ,20543.40 ,4516660.00
2025/05/09,20690.80 ,20915.04 ,20643.56 ,20915.04 ,5297103.00
2025/05/12,20996.95 ,21176.13 ,20996.95 ,21129.54 ,5246162.00
2025/05/13,21474.02 ,21626.28 ,21330.14 ,21330.14 ,6807098.00
2025/05/14,21552.42 ,21782.87 ,21552.42 ,21782.87 ,6994105.00
2025/05/15,21776.65 ,21821.01 ,21674.32 ,21730.25 ,6398847.00
2025/05/16,21731.88 ,21854.50 ,21697.85 ,21843.69 ,6558510.00
2025/05/19,21786.33 ,21786.33 ,21496.69 ,21523.83 ,6118958.00
2025/05/20,21631.61 ,21746.56 ,21517.10 ,21526.03 ,5030140.00
2025/05/21,21603.58 ,21879.24 ,21603.58 ,21803.91 ,5594779.00
2025/05/22,21733.82 ,21733.82 ,21585.31 ,21670.96 ,5976457.00
2025/05/23,21766.24 ,21798.88 ,21559.78 ,21652.24 ,5316070.00
2025/05/26,21577.64 ,21688.45 ,21536.57 ,21536.57 ,5330804.00
2025/05/27,21491.65 ,21558.47 ,21310.00 ,21336.54 ,5893760.00
2025/05/28,21539.15 ,21634.37 ,21305.73 ,21357.72 ,5670506.00
2025/05/29,21531.29 ,21605.26 ,21347.30 ,21347.30 ,7561868.00
2025/06/02,21253.97 ,21256.10 ,20940.98 ,21002.71 ,6799184.00
2025/06/03,21126.70 ,21303.21 ,21110.63 ,21126.93 ,6212282.00
2025/06/04,21341.44 ,21618.09 ,21341.44 ,21618.09 ,6939766.00
2025/06/05,21695.93 ,21738.93 ,21626.74 ,21674.43 ,6479408.00
2025/06/06,21637.77 ,21702.46 ,21606.70 ,21660.66 ,5283685.00
2025/06/09,21773.45 ,21866.27 ,21717.52 ,21790.29 ,5424065.00
2025/06/10,21921.24 ,22294.86 ,21921.24 ,22242.14 ,6797923.00
2025/06/11,22376.37 ,22470.10 ,22294.60 ,22470.10 ,6677404.00
2025/06/12,22362.67 ,22390.17 ,22253.64 ,22287.82 ,5845048.00
2025/06/13,22215.50 ,22228.01 ,21984.36 ,22072.95 ,6908522.00
2025/06/16,22058.57 ,22094.60 ,21936.38 ,22049.90 ,5524506.00
2025/06/17,22172.59 ,22331.69 ,22118.46 ,22211.59 ,6125208.00
2025/06/18,22135.83 ,22370.25 ,22104.68 ,22356.73 ,6399812.00
2025/06/19,22238.10 ,22249.40 ,21973.04 ,22003.50 ,5689009.00
2025/06/20,21960.51 ,22089.48 ,21779.55 ,22045.74 ,6862237.00
2025/06/23,21750.70 ,21801.32 ,21551.58 ,21732.02 ,5617706.00
2025/06/24,22001.48 ,22201.05 ,22001.48 ,22188.76 ,7011455.00
2025/06/25,22341.87 ,22444.51 ,22284.52 ,22430.61 ,6335015.00
2025/06/26,22425.39 ,22587.67 ,22391.27 ,22492.34 ,6410607.00
2025/06/27,22503.85 ,22580.08 ,22388.59 ,22580.08 ,6064087.00
2025/06/30,22508.33 ,22558.95 ,22256.02 ,22256.02 ,5791190.00
2025/07/01,22419.74 ,22730.76 ,22401.58 ,22553.72 ,6415082.00
2025/07/02,22463.55 ,22577.74 ,22396.26 ,22577.74 ,5101662.00
2025/07/03,22707.41 ,22816.20 ,22700.86 ,22712.97 ,6029111.00
2025/07/04,22756.55 ,22842.75 ,22500.97 ,22547.50 ,5632671.00
2025/07/07,22550.14 ,22550.50 ,22294.11 ,22428.72 ,4962856.00
2025/07/08,22375.65 ,22375.65 ,22190.46 ,22362.27 ,5407011.00
2025/07/09,22253.17 ,22527.01 ,22211.10 ,22527.01 ,5646619.00
2025/07/10,22566.51 ,22699.29 ,22513.35 ,22693.25 ,5553213.00
2025/07/11,22602.81 ,22770.01 ,22601.95 ,22751.03 ,7092180.00
2025/07/14,22679.18 ,22735.23 ,22525.66 ,22614.97 ,4853105.00
2025/07/15,22618.43 ,22888.23 ,22588.26 ,22835.94 ,5429807.00
2025/07/16,22967.51 ,23106.43 ,22923.12 ,23042.90 ,6375009.00
2025/07/17,23042.97 ,23159.54 ,22923.37 ,23113.28 ,5826064.00
2025/07/18,23345.72 ,23468.21 ,23276.02 ,23383.13 ,6130525.00
2025/07/21,23314.29 ,23403.83 ,23243.79 ,23340.56 ,5279612.00
2025/07/22,23301.66 ,23486.08 ,22985.90 ,22987.92 ,6889507.00
2025/07/23,23063.57 ,23318.67 ,23063.57 ,23318.67 ,6238239.00
2025/07/24,23373.67 ,23455.09 ,23295.31 ,23373.73 ,6322628.00
2025/07/25,23454.59 ,23485.56 ,23308.45 ,23364.38 ,5964609.00
2025/07/28,23477.10 ,23564.44 ,23350.73 ,23412.98 ,5994460.00
2025/07/29,23414.36 ,23422.17 ,23094.67 ,23201.52 ,6685041.00
2025/07/30,23288.72 ,23461.72 ,23264.64 ,23461.72 ,6095108.00
2025/07/31,23523.59 ,23631.11 ,23454.44 ,23542.52 ,7079439.00
2025/08/01,23318.37 ,23484.21 ,23168.27 ,23434.38 ,6950284.00
2025/08/04,23260.18 ,23378.94 ,23151.65 ,23378.94 ,6547254.00
2025/08/05,23498.40 ,23671.84 ,23498.40 ,23660.59 ,6610002.00
2025/08/06,23443.36 ,23557.49 ,23433.53 ,23447.36 ,6009196.00
2025/08/07,23717.35 ,24050.54 ,23717.35 ,24003.77 ,7106666.00
2025/08/08,24026.65 ,24131.46 ,23967.99 ,24021.26 ,7010275.00
2025/08/11,23980.39 ,24249.05 ,23887.25 ,24135.50 ,7230198.00
2025/08/12,24182.84 ,24263.92 ,24065.43 ,24158.36 ,7513604.00
2025/08/13,24232.04 ,24406.94 ,24172.19 ,24370.02 ,8864976.00
2025/08/14,24258.50 ,24389.51 ,24198.88 ,24238.10 ,7941972.00
2025/08/15,24266.23 ,24385.56 ,24164.43 ,24334.48 ,7913302.00
2025/08/18,24272.55 ,24515.65 ,24257.30 ,24482.52 ,8459665.00
2025/08/19,24493.92 ,24551.42 ,24324.29 ,24353.50 ,8279842.00
2025/08/20,24309.27 ,24309.27 ,23620.24 ,23625.44 ,8611743.00
2025/08/21,23739.83 ,24011.50 ,23739.83 ,23962.13 ,6990398.00
2025/08/22,24033.02 ,24071.65 ,23764.47 ,23764.47 ,6571719.00
2025/08/25,24108.81 ,24362.02 ,24108.75 ,24277.38 ,7201907.00
2025/08/26,24237.36 ,24382.42 ,24113.03 ,24305.10 ,8259451.00
2025/08/27,24449.81 ,24539.88 ,24410.08 ,24519.90 ,7675360.00
2025/08/28,24468.12 ,24502.37 ,24236.45 ,24236.45 ,7619400.00
2025/08/29,24438.03 ,24570.15 ,24233.10 ,24233.10 ,7716714.00
2025/09/01,24143.37 ,24312.83 ,23885.41 ,24071.73 ,7882519.00
2025/09/02,24113.90 ,24295.03 ,23890.33 ,24016.78 ,6868073.00
2025/09/03,24036.88 ,24103.23 ,23925.49 ,24100.30 ,6215237.00
2025/09/04,24235.27 ,24389.35 ,24168.16 ,24179.85 ,7455297.00
2025/09/05,24244.26 ,24494.58 ,24244.26 ,24494.58 ,6973379.00
2025/09/08,24610.85 ,24729.96 ,24547.38 ,24547.38 ,7768998.00
2025/09/09,24650.46 ,24880.07 ,24650.46 ,24855.18 ,8091742.00
2025/09/10,25032.88 ,25272.23 ,25032.88 ,25192.59 ,8693632.00
2025/09/11,25509.30 ,25541.44 ,25174.13 ,25215.71 ,9553641.00
2025/09/12,25349.70 ,25492.28 ,25349.70 ,25474.64 ,7830621.00
2025/09/15,25494.10 ,25519.94 ,25284.17 ,25357.16 ,6958333.00
2025/09/16,25335.46 ,25664.81 ,25335.46 ,25629.64 ,7560459.00
2025/09/17,25543.91 ,25632.07 ,25422.96 ,25438.25 ,7849906.00
2025/09/18,25543.17 ,25769.36 ,25475.25 ,25769.36 ,8339290.00
2025/09/19,25794.66 ,25864.01 ,25578.37 ,25578.37 ,9787714.00
2025/09/22,25599.60 ,25887.69 ,25599.60 ,25880.60 ,7847993.00
2025/09/23,26121.00 ,26307.30 ,26041.69 ,26247.37 ,8950246.00
2025/09/24,26389.16 ,26394.03 ,26045.47 ,26196.73 ,7897848.00
2025/09/25,26067.97 ,26247.85 ,26023.85 ,26023.85 ,8846470.00
2025/09/26,25998.28 ,25998.28 ,25469.04 ,25580.32 ,8334201.00
2025/09/30,25738.31 ,25975.84 ,25738.31 ,25820.54 ,6699602.00
2025/10/01,26078.29 ,26325.79 ,25982.91 ,25982.91 ,7679791.00
2025/10/02,26392.31 ,26489.79 ,26330.25 ,26378.39 ,8085314.00
2025/10/03,26435.10 ,26761.06 ,26410.03 ,26761.06 ,7784825.00
2025/10/07,27029.28 ,27301.42 ,27017.08 ,27211.95 ,9348656.00
2025/10/08,26999.82 ,27110.43 ,26883.99 ,27063.68 ,8261189.00
2025/10/09,27301.61 ,27463.12 ,27253.07 ,27301.92 ,9444331.00
2025/10/13,26762.60 ,26965.72 ,26470.44 ,26923.42 ,10191083.00
2025/10/14,27282.10 ,27507.16 ,26764.06 ,26793.15 ,12066540.00
2025/10/15,26911.05 ,27275.71 ,26773.15 ,27275.71 ,8387861.00
2025/10/16,27337.32 ,27732.78 ,27337.32 ,27647.87 ,9035460.00
2025/10/17,27399.91 ,27513.09 ,27302.37 ,27302.37 ,8962849.00
2025/10/20,27480.44 ,27768.27 ,27412.45 ,27688.63 ,8045886.00
2025/10/21,27742.55 ,27969.05 ,27742.55 ,27752.41 ,8507303.00
2025/10/22,27614.11 ,27725.83 ,27490.89 ,27648.91 ,7835590.00
2025/10/23,27457.07 ,27586.85 ,27371.67 ,27532.26 ,7318554.00
2025/10/27,28029.88 ,28196.33 ,27993.63 ,27993.63 ,9337097.00
2025/10/28,28041.01 ,28087.93 ,27885.62 ,27949.11 ,8579810.00
2025/10/29,28157.91 ,28395.31 ,28139.65 ,28294.74 ,9076231.00
2025/10/30,28350.24 ,28527.68 ,28116.60 ,28287.53 ,9446378.00
2025/10/31,28280.47 ,28489.76 ,28233.35 ,28233.35 ,8339995.00
2025/11/03,28253.53 ,28494.99 ,28150.45 ,28334.59 ,8299689.00
2025/11/04,28364.76 ,28554.61 ,28033.62 ,28116.56 ,8404740.00
2025/11/05,27785.91 ,27799.09 ,27373.05 ,27717.06 ,8989778.00
2025/11/06,27906.44 ,28061.53 ,27879.70 ,27899.45 ,7863001.00
2025/11/07,27818.54 ,27818.54 ,27621.48 ,27651.41 ,7878592.00
2025/11/10,27805.47 ,27976.89 ,27680.51 ,27869.51 ,7491028.00
2025/11/11,28031.54 ,28187.70 ,27784.95 ,27784.95 ,8924063.00
2025/11/12,27853.47 ,28071.76 ,27799.92 ,27947.09 ,8954069.00
2025/11/13,27867.59 ,28038.24 ,27811.81 ,27903.56 ,10545273.00
2025/11/14,27816.45 ,27816.45 ,27383.34 ,27397.50 ,9939352.00
2025/11/17,27600.74 ,27723.77 ,27447.31 ,27447.31 ,8604107.00
2025/11/18,27310.40 ,27310.40 ,26756.12 ,26756.12 ,10450443.00
2025/11/19,26708.28 ,26902.97 ,26580.12 ,26580.12 ,7970065.00
