日期,開盤價,最高價,最低價,收盤價,成交量
 2012/06/01,7200,7210,7075,7100,148958
 2012/06/04,6927,6930,6832,6866,136278
 2012/06/05,6949,7005,6925,6973,119982
 2012/06/06,6989,7055,6958,7013,119994
 2012/06/07,7135,7146,7020,7045,109350
 2012/06/08,7007,7040,6946,6953,113544
 2012/06/11,7090,7136,7059,7093,104743
 2012/06/12,6976,7038,6962,7019,91231
 2012/06/13,7049,7070,7002,7050,92489
 2012/06/14,7042,7107,7033,7067,92161
 2012/06/15,7050,7160,7042,7158,105833
 2012/06/18,7300,7323,7244,7264,92004
 2012/06/19,7266,7270,7234,7267,80407
 2012/06/20,7293,7320,7281,7311,50941
 2012/06/21,7160,7163,7093,7116,87665
 2012/06/22,7002,7047,6995,7038,86796
 2012/06/25,6952,6978,6938,6948,79925
 2012/06/26,6944,6960,6923,6939,61535
 2012/06/27,6918,7005,6898,6986,89541
 2012/06/28,7021,7037,6962,6999,93508
 2012/06/29,6982,7128,6981,7114,125080
 2012/07/02,7133,7152,7107,7135,61181
 2012/07/03,7177,7280,7161,7228,100095
 2012/07/04,7268,7327,7251,7290,83106
 2012/07/05,7303,7321,7277,7298,61592
 2012/07/06,7288,7319,7237,7273,88904
 2012/07/09,7204,7272,7202,7236,78681
 2012/07/10,7251,7270,7162,7179,111304
 2012/07/11,7138,7204,7133,7186,84861
 2012/07/12,7186,7188,7067,7076,120546
 2012/07/13,7070,7108,7045,7071,96058
 2012/07/16,7089,7110,7020,7056,98746
 2012/07/17,7048,7136,7030,7110,123931
 2012/07/18,7110,7117,7056,7059,52519
 2012/07/19,6974,7032,6945,7025,105346
 2012/07/20,7022,7039,6996,7012,72895
 2012/07/23,6915,6932,6845,6874,89331
 2012/07/24,6862,6889,6850,6873,70435
 2012/07/25,6782,6912,6775,6844,109485
 2012/07/26,6856,6905,6832,6876,89439
 2012/07/27,6969,7031,6946,7031,101947
 2012/07/30,7082,7102,7055,7077,73940
 2012/07/31,7102,7179,7061,7156,111301
 2012/08/01,7139,7212,7135,7194,91583
 2012/08/03,7140,7164,7116,7140,77401
 2012/08/06,7278,7314,7236,7239,87031
 2012/08/07,7233,7263,7223,7235,62956
 2012/08/08,7306,7336,7277,7299,103055
 2012/08/09,7371,7452,7346,7441,125910
 2012/08/10,7453,7465,7425,7444,68582
 2012/08/13,7444,7475,7430,7454,67806
 2012/08/14,7484,7545,7451,7498,113777
 2012/08/15,7489,7497,7433,7468,43962
 2012/08/16,7460,7520,7441,7493,91628
 2012/08/17,7503,7511,7467,7472,66804
 2012/08/20,7464,7475,7398,7441,85890
 2012/08/21,7465,7553,7458,7516,104595
 2012/08/22,7494,7508,7453,7491,73832
 2012/08/23,7476,7534,7468,7514,92576
 2012/08/24,7450,7490,7442,7488,63615
 2012/08/27,7535,7551,7452,7454,85683
 2012/08/28,7435,7443,7375,7400,90608
 2012/08/29,7404,7413,7381,7403,48276
 2012/08/30,7360,7395,7341,7367,84738
 2012/08/31,7375,7420,7363,7383,75810
 2012/09/03,7370,7465,7352,7443,95691
 2012/09/04,7443,7470,7430,7449,49798
 2012/09/05,7401,7411,7341,7341,89655
 2012/09/06,7332,7368,7286,7332,88818
 2012/09/07,7471,7479,7404,7420,86302
 2012/09/10,7421,7469,7414,7455,67675
 2012/09/11,7437,7490,7436,7466,59702
 2012/09/12,7525,7586,7510,7586,92821
 2012/09/13,7592,7609,7571,7576,65782
 2012/09/14,7698,7758,7671,7739,103221
 2012/09/17,7739,7767,7726,7753,70895
 2012/09/18,7742,7768,7713,7750,76925
 2012/09/19,7757,7795,7739,7767,46387
 2012/09/20,7782,7786,7716,7749,81485
 2012/09/21,7765,7783,7748,7762,61018
 2012/09/24,7747,7805,7685,7776,98891
 2012/09/25,7792,7810,7744,7755,68390
 2012/09/26,7691,7725,7670,7703,74746
 2012/09/27,7683,7730,7679,7727,67769
 2012/09/28,7726,7748,7666,7720,88739
 2012/10/01,7690,7706,7666,7685,50167
 2012/10/02,7716,7748,7693,7730,67005
 2012/10/03,7740,7742,7687,7705,58958
 2012/10/04,7707,7715,7633,7706,103623
 2012/10/05,7711,7733,7680,7700,74558
 2012/10/08,7677,7692,7612,7625,84411
 2012/10/09,7629,7647,7596,7597,86468
 2012/10/11,7483,7506,7442,7443,95582
 2012/10/12,7434,7463,7385,7414,92390
 2012/10/15,7396,7434,7385,7423,74135
 2012/10/16,7460,7462,7435,7458,62568
 2012/10/17,7510,7525,7451,7460,50723
 2012/10/18,7467,7479,7444,7452,57034
 2012/10/19,7468,7469,7385,7385,78020
 2012/10/22,7300,7360,7289,7346,71985
 2012/10/23,7342,7350,7293,7297,65177
 2012/10/24,7230,7347,7225,7302,100109
 2012/10/25,7303,7319,7251,7258,75504
 2012/10/26,7226,7287,7090,7092,124395
 2012/10/29,7110,7153,7091,7122,86593
 2012/10/30,7170,7220,7141,7161,104953
 2012/10/31,7192,7212,7125,7140,89170
 2012/11/01,7098,7192,7029,7172,140249
 2012/11/02,7214,7225,7182,7201,74949
 2012/11/05,7190,7222,7146,7180,85380
 2012/11/06,7180,7259,7163,7259,78730
 2012/11/07,7205,7293,7192,7257,138988
 2012/11/08,7168,7220,7160,7200,87322
 2012/11/09,7136,7301,7126,7285,125251
 2012/11/12,7265,7304,7238,7241,73703
 2012/11/13,7227,7239,7092,7096,116093
 2012/11/14,7081,7150,7077,7128,85707
 2012/11/15,7095,7156,7036,7121,110846
 2012/11/16,7116,7179,7082,7107,106108
 2012/11/19,7147,7168,7120,7123,85220
 2012/11/20,7174,7181,7131,7160,73796
 2012/11/21,7176,7178,7051,7084,63354
 2012/11/22,7096,7115,7081,7089,64895
 2012/11/23,7123,7327,7120,7322,120286
 2012/11/26,7362,7409,7357,7388,66389
 2012/11/27,7410,7435,7380,7424,76309
 2012/11/28,7407,7439,7390,7428,62717
 2012/11/29,7470,7539,7465,7525,98874
 2012/11/30,7535,7605,7524,7593,97251
 2012/12/03,7596,7647,7560,7599,94211
 2012/12/04,7560,7603,7548,7594,76536
 2012/12/05,7593,7678,7576,7653,96482
 2012/12/06,7654,7673,7623,7640,68952
 2012/12/07,7658,7691,7642,7660,73118
 2012/12/10,7680,7686,7600,7623,76659
 2012/12/11,7639,7645,7579,7638,78461
 2012/12/12,7657,7725,7652,7698,89122
 2012/12/13,7718,7778,7708,7772,82175
 2012/12/14,7738,7747,7701,7703,84818
 2012/12/17,7690,7707,7615,7652,100268
 2012/12/18,7660,7665,7621,7655,70612
 2012/12/19,7698,7709,7655,7659,46969
 2012/12/20,7631,7633,7556,7560,79058
 2012/12/21,7565,7578,7472,7491,107770
 2012/12/22,7556,7558,7523,7525,30095
 2012/12/24,7500,7564,7491,7518,51155
 2012/12/25,7555,7688,7538,7674,85986
 2012/12/26,7651,7685,7623,7634,65775
 2012/12/27,7602,7666,7584,7629,80035
 2012/12/28,7650,7708,7647,7675,69670
 2013/01/02,7720,7804,7702,7772,89092
 2013/01/03,7811,7836,7803,7823,63225
 2013/01/04,7800,7809,7751,7774,71943
 2013/01/07,7743,7774,7700,7742,81337
 2013/01/08,7732,7747,7673,7705,90290
 2013/01/09,7686,7774,7682,7740,88574
 2013/01/10,7762,7846,7759,7836,122619
 2013/01/11,7863,7867,7796,7799,90984
 2013/01/14,7730,7828,7705,7827,111839
 2013/01/15,7800,7812,7728,7741,99174
 2013/01/16,7750,7769,7698,7717,58511
 2013/01/17,7702,7767,7582,7612,146042
 2013/01/18,7692,7723,7666,7711,86279
 2013/01/21,7683,7736,7645,7703,94447
 2013/01/22,7722,7765,7672,7751,106112
 2013/01/23,7777,7788,7714,7723,77820
 2013/01/24,7688,7728,7625,7682,121098
 2013/01/25,7662,7688,7612,7649,98883
 2013/01/28,7620,7731,7620,7730,92771
 2013/01/29,7759,7822,7736,7819,99284
 2013/01/30,7846,7859,7791,7800,100596
 2013/01/31,7815,7850,7778,7848,84766
 2013/02/01,7859,7901,7825,7858,87506
 2013/02/04,7878,7952,7872,7940,87092
 2013/02/05,7885,7913,7868,7905,74233
 2013/02/06,7916,7952,7891,7900,72671
 2013/02/18,7967,7978,7913,7935,77582
 2013/02/19,7950,7970,7941,7959,60019
 2013/02/20,8008,8027,7983,8023,52976
 2013/02/21,7987,7998,7948,7949,63895
 2013/02/22,7939,7976,7903,7951,85371
 2013/02/23,7974,7994,7970,7993,27144
 2013/02/25,7985,7992,7935,7941,72527
 2013/02/26,7893,7920,7862,7885,82377
 2013/02/27,7907,7909,7862,7879,53936
 2013/03/01,7945,7950,7920,7936,44461
 2013/03/04,7935,7937,7827,7845,94448
 2013/03/05,7867,7931,7862,7913,74896
 2013/03/06,7980,7998,7935,7947,83576
 2013/03/07,7933,7982,7921,7938,72539
 2013/03/08,7968,8032,7965,8008,81964
 2013/03/11,8010,8068,7993,8043,79351
 2013/03/12,8040,8058,7983,7999,75116
 2013/03/13,8000,8035,7951,7990,106264
 2013/03/14,7997,7997,7941,7953,80451
 2013/03/15,7969,7986,7906,7910,108975
 2013/03/18,7857,7868,7790,7792,102089
 2013/03/19,7838,7852,7816,7833,76505
 2013/03/20,7780,7842,7775,7796,52532
 2013/03/21,7803,7816,7781,7797,68584
 2013/03/22,7780,7814,7764,7776,63792
 2013/03/25,7842,7865,7826,7851,60627
 2013/03/26,7845,7848,7822,7836,52993
 2013/03/27,7841,7876,7827,7860,74979
 2013/03/28,7859,7875,7820,7842,64977
 2013/03/29,7884,7935,7871,7923,73177
 2013/04/01,7938,7942,7907,7920,45554
 2013/04/02,7907,7927,7875,7905,80431
 2013/04/03,7944,7953,7910,7934,67602
 2013/04/08,7859,7870,7733,7739,128621
 2013/04/09,7717,7750,7697,7709,84475
 2013/04/10,7737,7745,7713,7728,59229
 2013/04/11,7776,7825,7759,7818,84730
 2013/04/12,7822,7832,7783,7784,64379
 2013/04/15,7763,7816,7729,7763,109119
 2013/04/16,7710,7786,7693,7780,118952
 2013/04/17,7783,7809,7772,7809,57751
 2013/04/18,7715,7775,7700,7751,104794
 2013/04/19,7784,7945,7782,7944,139916
 2013/04/22,7952,7976,7938,7953,64238
 2013/04/23,7942,7951,7896,7928,79418
 2013/04/24,7967,8015,7949,7991,110367
 2013/04/25,7976,8009,7970,8004,71490
 2013/04/26,8010,8066,7996,7998,94160
 2013/04/29,8010,8042,8001,8023,62673
 2013/04/30,8067,8122,8062,8098,79288
 2013/05/02,8083,8127,8083,8120,63345
 2013/05/03,8139,8174,8119,8140,82194
 2013/05/06,8200,8209,8154,8169,67723
 2013/05/07,8180,8187,8150,8173,61199
 2013/05/08,8188,8302,8186,8268,130480
 2013/05/09,8301,8330,8290,8313,83971
 2013/05/10,8294,8312,8280,8312,65770
 2013/05/13,8311,8314,8229,8260,100298
 2013/05/14,8280,8307,8244,8274,98400
 2013/05/15,8299,8311,8260,8304,61581
 2013/05/16,8325,8440,8320,8423,122633
 2013/05/17,8405,8423,8386,8403,60464
 2013/05/20,8398,8401,8341,8386,74722
 2013/05/21,8380,8441,8357,8390,102289
 2013/05/22,8435,8449,8392,8394,82669
 2013/05/23,8337,8355,8210,8213,140140
 2013/05/24,8238,8248,8146,8222,102660
 2013/05/27,8184,8268,8184,8256,86472
 2013/05/28,8268,8283,8245,8258,69512
 2013/05/29,8257,8345,8246,8312,106194
 2013/05/30,8304,8304,8204,8231,121294
 2013/05/31,8277,8342,8226,8242,125054
 2013/06/03,8100,8205,8092,8193,107007
 2013/06/04,8223,8228,8150,8162,92115
 2013/06/05,8130,8196,8124,8145,90608
 2013/06/06,8098,8129,8061,8103,116805
 2013/06/07,8081,8110,8049,8087,99118
 2013/06/10,8142,8185,8128,8147,88305
 2013/06/11,8135,8157,8107,8128,78773
 2013/06/13,8050,8055,7931,7933,127540
 2013/06/14,7983,7985,7905,7920,91743
 2013/06/17,7923,7982,7920,7973,80161
 2013/06/18,7971,8011,7937,7994,108806
 2013/06/19,8005,8038,7987,8019,60936
 2013/06/20,7795,7819,7739,7748,107714
 2013/06/21,7600,7680,7589,7658,124153
 2013/06/24,7628,7663,7602,7630,91483
 2013/06/25,7613,7683,7580,7606,158891
 2013/06/26,7650,7689,7609,7637,121002
 2013/06/27,7735,7746,7700,7713,92515
 2013/06/28,7755,7860,7729,7828,121780
 2013/07/01,7818,7916,7811,7903,101184
 2013/07/02,7905,7920,7880,7906,69586
 2013/07/03,7884,7894,7806,7811,99164
 2013/07/04,7839,7864,7802,7844,90570
 2013/07/05,7885,7979,7871,7965,109225
 2013/07/08,7955,7964,7820,7830,117123
 2013/07/09,7830,7931,7823,7924,116183
 2013/07/10,7938,8017,7921,7961,133445
 2013/07/11,8107,8166,8061,8163,117871
 2013/07/12,8164,8188,8138,8176,64591
 2013/07/15,8141,8238,8135,8216,110657
 2013/07/16,8230,8233,8193,8230,77162
 2013/07/17,8209,8257,8202,8242,49919
 2013/07/18,8158,8169,8088,8096,99742
 2013/07/19,8059,8073,7953,7955,130696
 2013/07/22,7974,8053,7970,8022,85680
 2013/07/23,8068,8156,8060,8134,115683
 2013/07/24,8142,8148,8100,8126,77552
 2013/07/25,8100,8158,8056,8107,101640
 2013/07/26,8109,8183,8088,8100,107217
 2013/07/29,8082,8108,8017,8035,99697
 2013/07/30,8060,8145,8057,8130,97473
 2013/07/31,8120,8133,8046,8049,89142
 2013/08/01,8049,8080,8000,8045,96228
 2013/08/02,8098,8146,8048,8060,115177
 2013/08/05,8072,8108,8022,8098,88505
 2013/08/06,8059,8075,7972,7991,106562
 2013/08/07,7912,7939,7845,7845,98256
 2013/08/08,7875,7893,7844,7846,77382
 2013/08/09,7848,7882,7802,7825,118651
 2013/08/12,7848,7882,7820,7860,75573
 2013/08/13,7894,7959,7887,7954,88013
 2013/08/14,7959,7960,7888,7928,86574
 2013/08/15,7843,7878,7805,7861,90020
 2013/08/16,7809,7944,7800,7916,135604
 2013/08/19,7878,7903,7855,7887,76711
 2013/08/20,7850,7920,7800,7805,122385
 2013/08/22,7700,7823,7695,7813,60397
 2013/08/23,7760,7816,7753,7786,87872
 2013/08/26,7818,7844,7787,7824,77414
 2013/08/27,7802,7818,7747,7757,84175
 2013/08/28,7699,7781,7678,7780,108500
 2013/08/29,7798,7900,7788,7896,106632
 2013/08/30,7898,7983,7880,7969,101116
 2013/09/02,7964,8025,7956,8018,87835
 2013/09/03,8038,8079,8025,8052,83489
 2013/09/04,8028,8074,8005,8071,88373
 2013/09/05,8091,8141,8071,8130,98558
 2013/09/06,8129,8153,8120,8139,61960
 2013/09/09,8150,8184,8095,8159,100993
 2013/09/10,8189,8220,8136,8171,101742
 2013/09/11,8199,8200,8131,8191,110597
 2013/09/12,8187,8217,8164,8194,90528
 2013/09/13,8198,8215,8146,8146,71727
 2013/09/14,8178,8179,8148,8162,32151
 2013/09/16,8214,8259,8197,8249,81309
 2013/09/17,8217,8242,8209,8240,61438
 2013/09/18,8255,8268,8223,8238,44188
 2013/09/23,8185,8269,8180,8256,72601
 2013/09/24,8251,8273,8221,8268,72399
 2013/09/25,8250,8258,8222,8233,69047
 2013/09/26,8220,8241,8156,8183,89062
 2013/09/27,8190,8207,8176,8183,53228
 2013/09/30,8114,8156,8083,8120,96072
 2013/10/01,8153,8175,8138,8150,72550
 2013/10/02,8185,8192,8157,8157,66374
 2013/10/03,8172,8385,8171,8378,121376
 2013/10/04,8357,8393,8345,8366,76363
 2013/10/07,8367,8370,8296,8326,68526
 2013/10/08,8302,8383,8291,8374,86038
 2013/10/09,8324,8377,8319,8335,72882
 2013/10/11,8439,8450,8355,8361,95865
 2013/10/14,8345,8348,8273,8294,94880
 2013/10/15,8359,8385,8338,8354,86777
 2013/10/16,8372,8377,8340,8345,36523
 2013/10/17,8380,8422,8356,8363,76826
 2013/10/18,8382,8429,8373,8416,71072
 2013/10/21,8441,8445,8393,8401,59834
 2013/10/22,8377,8423,8352,8414,75663
 2013/10/23,8436,8440,8340,8361,95797
 2013/10/24,8348,8400,8326,8391,78189
 2013/10/25,8353,8366,8291,8322,98615
 2013/10/28,8320,8410,8320,8388,73935
 2013/10/29,8362,8435,8359,8410,98283
 2013/10/30,8424,8460,8405,8441,75193
 2013/10/31,8422,8465,8408,8427,77387
 2013/11/01,8457,8476,8372,8393,101517
 2013/11/04,8360,8369,8313,8339,81711
 2013/11/05,8326,8353,8255,8268,99344
 2013/11/06,8281,8288,8231,8269,86347
 2013/11/07,8266,8279,8224,8257,74161
 2013/11/08,8230,8269,8211,8224,77595
 2013/11/11,8230,8236,8179,8195,74493
 2013/11/12,8225,8247,8172,8216,83476
 2013/11/13,8186,8193,8101,8107,90870
 2013/11/14,8143,8157,8085,8124,85513
 2013/11/15,8177,8214,8148,8159,93361
 2013/11/18,8194,8223,8178,8189,76515
 2013/11/19,8224,8256,8208,8249,81106
 2013/11/20,8230,8258,8216,8219,36809
 2013/11/21,8166,8170,8062,8078,96488
 2013/11/22,8078,8110,8076,8086,55847
 2013/11/25,8145,8218,8142,8195,77378
 2013/11/26,8166,8277,8154,8249,100277
 2013/11/27,8236,8300,8232,8299,73671
 2013/11/28,8350,8392,8338,8378,73050
 2013/11/29,8375,8428,8372,8427,65787
 2013/12/02,8431,8447,8391,8413,73323
 2013/12/03,8392,8424,8378,8409,65908
 2013/12/04,8375,8449,8372,8436,93441
 2013/12/05,8423,8443,8352,8379,100533
 2013/12/06,8377,8409,8354,8384,77433
 2013/12/09,8455,8495,8445,8456,76944
 2013/12/10,8431,8458,8427,8455,55279
 2013/12/11,8458,8510,8422,8432,110731
 2013/12/12,8390,8406,8358,8392,85000
 2013/12/13,8359,8404,8352,8397,78852
 2013/12/16,8375,8385,8325,8336,95020
 2013/12/17,8383,8385,8358,8362,57370
 2013/12/18,8380,8380,8338,8338,31195
 2013/12/19,8392,8431,8371,8392,83798
 2013/12/20,8391,8428,8382,8415,63180
 2013/12/23,8449,8495,8445,8475,53452
 2013/12/24,8480,8487,8462,8483,34318
 2013/12/25,8500,8504,8488,8500,28150
 2013/12/26,8510,8514,8483,8501,30200
 2013/12/27,8496,8550,8490,8543,56418
 2013/12/30,8549,8637,8546,8625,70122
 2013/12/31,8650,8664,8622,8633,51329
 2014/01/02,8644,8649,8585,8618,70152
 2014/01/03,8595,8597,8530,8541,82686
 2014/01/06,8539,8561,8503,8528,81494
 2014/01/07,8528,8575,8525,8551,76176
 2014/01/08,8556,8599,8550,8586,69802
 2014/01/09,8565,8573,8514,8528,99558
 2014/01/10,8523,8548,8516,8539,63745
 2014/01/13,8598,8629,8566,8572,95870
 2014/01/14,8530,8559,8514,8547,73027
 2014/01/15,8570,8613,8563,8610,52535
 2014/01/16,8650,8662,8610,8618,65354
 2014/01/17,8610,8625,8577,8606,76169
 2014/01/20,8585,8634,8571,8622,69809
 2014/01/21,8642,8647,8611,8623,65389
 2014/01/22,8595,8636,8585,8635,61473
 2014/01/23,8646,8650,8587,8596,77610
 2014/01/24,8570,8629,8551,8619,76250
 2014/01/27,8510,8547,8445,8446,124091
 2014/02/05,8302,8328,8196,8243,123024
 2014/02/06,8278,8292,8247,8275,81137
 2014/02/07,8327,8373,8315,8339,84636
 2014/02/10,8375,8403,8353,8355,75690
 2014/02/11,8354,8415,8346,8414,69071
 2014/02/12,8447,8496,8437,8481,84727
 2014/02/13,8495,8495,8443,8443,60328
 2014/02/14,8496,8568,8488,8508,108056
 2014/02/17,8547,8557,8514,8528,68133
 2014/02/18,8530,8564,8506,8562,74608
 2014/02/19,8535,8569,8535,8557,33192
 2014/02/20,8530,8548,8483,8483,104153
 2014/02/21,8555,8598,8555,8587,70932
 2014/02/24,8591,8605,8534,8549,73629
 2014/02/25,8603,8608,8565,8573,59959
 2014/02/26,8565,8627,8553,8608,78863
 2014/02/27,8609,8631,8602,8624,62426
 2014/03/03,8559,8580,8510,8566,102233
 2014/03/04,8560,8582,8539,8553,68908
 2014/03/05,8640,8647,8610,8619,59854
 2014/03/06,8623,8709,8619,8695,87968
 2014/03/07,8730,8772,8676,8705,104339
 2014/03/10,8673,8694,8654,8677,69919
 2014/03/11,8690,8723,8678,8715,67391
 2014/03/12,8666,8673,8645,8662,73277
 2014/03/13,8702,8756,8694,8740,84582
 2014/03/14,8673,8701,8671,8693,58515
 2014/03/17,8703,8715,8655,8701,77365
 2014/03/18,8745,8751,8712,8727,65644
 2014/03/19,8734,8742,8684,8696,47587
 2014/03/20,8638,8639,8561,8568,95027
 2014/03/21,8586,8598,8558,8575,66251
 2014/03/24,8550,8605,8523,8601,99699
 2014/03/25,8589,8660,8576,8659,91751
 2014/03/26,8708,8722,8682,8711,77869
 2014/03/27,8705,8756,8695,8754,86325
 2014/03/28,8754,8776,8729,8735,78831
 2014/03/31,8779,8794,8734,8789,76765
 2014/04/01,8780,8833,8773,8829,77021
 2014/04/02,8850,8888,8841,8855,73667
 2014/04/03,8858,8878,8845,8868,58189
 2014/04/07,8811,8861,8803,8858,63927
 2014/04/08,8853,8887,8837,8879,79196
 2014/04/09,8886,8903,8878,8896,52603
 2014/04/10,8929,8939,8866,8907,86825
 2014/04/11,8850,8891,8840,8870,95782
 2014/04/14,8870,8885,8853,8858,65746
 2014/04/15,8861,8902,8859,8896,72126
 2014/04/16,8910,8956,8887,8955,49182
 2014/04/17,8884,8910,8872,8897,77255
 2014/04/18,8961,8972,8916,8918,63285
 2014/04/21,8917,8926,8903,8923,36842
 2014/04/22,8925,8962,8917,8950,60169
 2014/04/23,8970,8980,8910,8922,80288
 2014/04/24,8928,8942,8915,8937,54152
 2014/04/25,8925,8928,8743,8750,174633
 2014/04/28,8698,8835,8690,8819,129874
 2014/04/29,8828,8855,8809,8840,91179
 2014/04/30,8850,8857,8750,8758,122688
 2014/05/02,8768,8843,8761,8841,90635
 2014/05/05,8864,8888,8802,8827,94208
 2014/05/06,8849,8889,8813,8885,97864
 2014/05/07,8845,8861,8809,8840,104464
 2014/05/08,8860,8887,8836,8881,88751
 2014/05/09,8888,8889,8833,8842,77008
 2014/05/12,8842,8850,8790,8821,88270
 2014/05/13,8855,8875,8821,8830,83445
 2014/05/14,8855,8885,8830,8882,85759
 2014/05/15,8868,8887,8857,8877,59657
 2014/05/16,8842,8883,8816,8876,88877
 2014/05/19,8876,8901,8869,8888,70962
 2014/05/20,8902,8926,8890,8897,74046
 2014/05/21,8892,8909,8850,8860,54036
 2014/05/22,8873,8960,8866,8959,100620
 2014/05/23,8971,9014,8966,9013,75182
 2014/05/26,9020,9049,9009,9041,51900
 2014/05/27,9047,9058,9025,9056,52031
 2014/05/28,9062,9144,9055,9136,94218
 2014/05/29,9132,9149,9111,9116,69424
 2014/05/30,9121,9130,9086,9091,76393
 2014/06/03,9112,9133,9061,9104,83254
 2014/06/04,9118,9124,9097,9102,53898
 2014/06/05,9117,9118,9074,9118,67500
 2014/06/06,9138,9158,9120,9125,59766
 2014/06/09,9140,9155,9129,9146,45298
 2014/06/10,9159,9202,9155,9185,72200
 2014/06/11,9194,9212,9183,9211,43499
 2014/06/12,9195,9215,9181,9204,46433
 2014/06/13,9170,9199,9156,9198,69155
 2014/06/16,9180,9214,9175,9200,54947
 2014/06/17,9207,9248,9203,9241,66123
 2014/06/18,9241,9307,9208,9302,64896
 2014/06/19,9187,9237,9181,9225,74612
 2014/06/20,9227,9230,9178,9180,74727
 2014/06/23,9179,9206,9151,9166,82798
 2014/06/24,9174,9198,9165,9172,65966
 2014/06/25,9146,9170,9137,9157,63400
 2014/06/26,9181,9237,9176,9233,75765
 2014/06/27,9231,9244,9205,9207,58349
 2014/06/30,9220,9307,9218,9290,77543
 2014/07/01,9299,9401,9289,9384,101041
 2014/07/02,9404,9488,9310,9402,178185
 2014/07/03,9396,9463,9367,9455,111701
 2014/07/04,9488,9494,9411,9453,105559
 2014/07/07,9452,9453,9398,9451,86345
 2014/07/08,9452,9492,9440,9477,82334
 2014/07/09,9450,9477,9436,9465,77026
 2014/07/10,9466,9556,9462,9553,100623
 2014/07/11,9540,9566,9450,9487,157882
 2014/07/14,9479,9529,9478,9525,85979
 2014/07/15,9575,9581,9534,9561,92920
 2014/07/16,9547,9564,9475,9483,67424
 2014/07/17,9392,9402,9326,9356,123718
 2014/07/18,9285,9372,9281,9339,107971
 2014/07/21,9380,9406,9356,9364,78887
 2014/07/22,9384,9434,9352,9433,100000
 2014/07/24,9456,9470,9432,9469,86204
 2014/07/25,9460,9465,9357,9390,118354
 2014/07/28,9370,9422,9342,9387,113816
 2014/07/29,9425,9446,9343,9361,128049
 2014/07/30,9367,9429,9366,9416,99330
 2014/07/31,9433,9438,9265,9290,134333
 2014/08/01,9236,9264,9209,9253,104509
 2014/08/04,9260,9297,9233,9286,81817
 2014/08/05,9249,9256,9083,9095,149588
 2014/08/06,9079,9129,9059,9098,121642
 2014/08/07,9111,9134,9065,9092,84268
 2014/08/08,9052,9093,8991,9090,123219
 2014/08/11,9132,9162,9110,9141,80134
 2014/08/12,9152,9158,9103,9121,87612
 2014/08/13,9132,9204,9120,9199,94649
 2014/08/14,9228,9253,9203,9218,85033
 2014/08/15,9210,9218,9154,9203,90406
 2014/08/18,9212,9223,9126,9141,111283
 2014/08/19,9161,9249,9161,9239,91282
 2014/08/20,9253,9285,9244,9275,61787
 2014/08/21,9260,9266,9200,9231,103529
 2014/08/22,9249,9388,9247,9378,116443
 2014/08/25,9386,9399,9365,9391,61977
 2014/08/26,9386,9408,9375,9390,57561
 2014/08/27,9421,9498,9420,9477,96315
 2014/08/28,9492,9500,9469,9479,60649
 2014/08/29,9456,9485,9432,9473,77443
 2014/09/01,9473,9550,9470,9528,68798
 2014/09/02,9512,9514,9388,9410,125697
 2014/09/03,9415,9482,9399,9451,101507
 2014/09/04,9447,9448,9380,9425,96821
 2014/09/05,9444,9463,9370,9407,104786
 2014/09/09,9426,9530,9425,9428,78139
 2014/09/10,9380,9402,9310,9347,106510
 2014/09/11,9376,9385,9300,9302,75048
 2014/09/12,9325,9328,9229,9245,121575
 2014/09/15,9206,9244,9172,9218,119266
 2014/09/16,9219,9233,9141,9154,98071
 2014/09/17,9195,9248,9148,9172,72499
 2014/09/18,9234,9265,9213,9243,90173
 2014/09/19,9281,9304,9240,9265,101134
 2014/09/22,9202,9205,9100,9128,120832
 2014/09/23,9106,9152,9102,9117,87165
 2014/09/24,9095,9142,9081,9127,87035
 2014/09/25,9158,9168,8995,9028,138558
 2014/09/26,8958,9022,8937,8980,115750
 2014/09/29,8991,9008,8943,8982,101474
 2014/09/30,8961,9021,8871,8991,150107
 2014/10/01,8943,9015,8911,8980,114235
 2014/10/02,8920,9020,8905,8993,126762
 2014/10/03,9004,9107,8994,9101,124812
 2014/10/06,9098,9110,9056,9084,95157
 2014/10/07,9034,9048,8976,9017,127569
 2014/10/08,8986,9029,8928,8933,103779
 2014/10/09,8997,9039,8948,8981,139674
 2014/10/13,8798,8818,8712,8712,157956
 2014/10/14,8730,8759,8702,8745,104866
 2014/10/15,8743,8763,8641,8646,82391
 2014/10/16,8583,8683,8506,8632,177584
 2014/10/17,8658,8673,8497,8500,174947
 2014/10/20,8599,8681,8588,8661,121860
 2014/10/21,8655,8663,8616,8636,90638
 2014/10/22,8748,8764,8714,8744,96753
 2014/10/23,8732,8740,8702,8721,79233
 2014/10/24,8742,8746,8609,8642,133051
 2014/10/27,8675,8686,8592,8642,108102
 2014/10/28,8666,8805,8663,8793,127091
 2014/10/29,8833,8905,8818,8879,106490
 2014/10/30,8878,8889,8838,8881,95556
 2014/10/31,8887,8978,8867,8978,137623
 2014/11/03,8978,9027,8942,8982,117415
 2014/11/04,8984,9055,8968,8992,140218
 2014/11/05,9030,9039,8960,8984,111110
 2014/11/06,8976,9005,8890,8902,129127
 2014/11/07,8924,8943,8862,8939,117608
 2014/11/10,8965,9092,8952,9074,120952
 2014/11/11,9088,9105,9048,9063,91460
 2014/11/12,9028,9034,8901,8905,141490
 2014/11/13,8920,8978,8903,8959,112842
 2014/11/14,8980,8996,8933,8962,109824
 2014/11/17,8959,9043,8872,8900,156670
 2014/11/18,8951,8958,8839,8872,124772
 2014/11/19,8905,8985,8877,8953,73761
 2014/11/20,9031,9104,9012,9093,113333
 2014/11/21,9119,9125,9081,9103,83395
 2014/11/24,9135,9170,9109,9130,77972
 2014/11/25,9116,9150,9069,9107,101177
 2014/11/26,9126,9143,9102,9123,73155
 2014/11/27,9136,9235,9136,9176,109702
 2014/11/28,9202,9208,9174,9181,57835
 2014/12/01,9036,9182,8991,9119,158276
 2014/12/02,9092,9098,9001,9031,145718
 2014/12/03,9051,9215,9035,9211,149036
 2014/12/04,9213,9266,9201,9220,97499
 2014/12/05,9203,9231,9182,9216,87093
 2014/12/08,9264,9265,9168,9185,105218
 2014/12/09,9142,9174,9121,9132,92634
 2014/12/10,9092,9136,9003,9046,165103
 2014/12/11,8976,9048,8958,9010,116039
 2014/12/12,9023,9069,9003,9006,98839
 2014/12/15,8958,9038,8925,9036,125072
 2014/12/16,8971,9041,8963,8981,122633
 2014/12/17,8970,8985,8834,8844,81915
 2014/12/18,8902,8927,8857,8857,101962
 2014/12/19,8962,9040,8958,9019,148633
 2014/12/22,9031,9100,9023,9096,102111
 2014/12/23,9134,9140,9097,9115,69691
 2014/12/24,9120,9183,9103,9176,93125
 2014/12/25,9171,9195,9162,9183,44950
 2014/12/26,9178,9230,9173,9226,73031
 2014/12/27,9235,9257,9226,9256,27720
 2014/12/29,9245,9336,9241,9314,98576
 2014/12/30,9320,9343,9268,9286,92786
 2014/12/31,9286,9303,9252,9283,75117
 2015/01/05,9238,9276,9155,9252,120487
 2015/01/06,9144,9153,9017,9058,148125
 2015/01/07,9042,9092,9033,9045,93314
 2015/01/08,9116,9259,9115,9257,131883
 2015/01/09,9328,9335,9217,9230,117874
 2015/01/12,9190,9238,9157,9185,97827
 2015/01/13,9194,9275,9159,9249,127705
 2015/01/14,9235,9247,9151,9171,122662
 2015/01/15,9187,9230,9130,9195,116348
 2015/01/16,9175,9229,9082,9115,160290
 2015/01/19,9211,9260,9142,9181,134142
 2015/01/20,9220,9269,9183,9268,121592
 2015/01/21,9282,9316,9274,9308,64253
 2015/01/22,9360,9404,9342,9388,108180
 2015/01/23,9455,9488,9443,9461,92808
 2015/01/26,9448,9478,9433,9466,68310
 2015/01/27,9522,9539,9480,9523,90397
 2015/01/28,9478,9534,9474,9526,75013
 2015/01/29,9497,9502,9426,9428,116368
 2015/01/30,9460,9472,9385,9400,97244
 2015/02/02,9389,9433,9370,9419,85483
 2015/02/03,9434,9485,9407,9464,95115
 2015/02/04,9526,9556,9512,9521,86781
 2015/02/05,9521,9521,9470,9514,79030
 2015/02/06,9536,9543,9459,9469,96048
 2015/02/09,9439,9466,9416,9450,78599
 2015/02/10,9468,9473,9419,9432,86724
 2015/02/11,9462,9509,9457,9480,88756
 2015/02/12,9499,9500,9461,9480,80128
 2015/02/13,9510,9548,9505,9514,85659
 2015/02/24,9582,9640,9582,9622,46780
 2015/02/25,9694,9696,9660,9684,66977
 2015/02/26,9691,9692,9633,9649,72451
 2015/03/02,9658,9683,9615,9631,77036
 2015/03/03,9645,9658,9580,9614,88385
 2015/03/04,9580,9638,9571,9622,73997
 2015/03/05,9622,9632,9551,9589,94585
 2015/03/06,9591,9644,9566,9638,87662
 2015/03/09,9580,9595,9547,9576,89409
 2015/03/10,9574,9585,9514,9528,103983
 2015/03/11,9466,9544,9450,9519,103946
 2015/03/12,9529,9609,9508,9607,101568
 2015/03/13,9616,9634,9584,9598,82971
 2015/03/16,9585,9594,9535,9546,100282
 2015/03/17,9580,9644,9547,9554,123433
 2015/03/18,9558,9649,9558,9633,67737
 2015/03/19,9734,9769,9708,9766,100024
 2015/03/20,9742,9770,9733,9757,66890
 2015/03/23,9761,9769,9726,9749,75804
 2015/03/24,9728,9755,9696,9721,89879
 2015/03/25,9721,9731,9673,9689,95109
 2015/03/26,9580,9635,9567,9609,110206
 2015/03/27,9609,9628,9525,9541,126327
 2015/03/30,9511,9562,9511,9552,83437
 2015/03/31,9600,9610,9545,9582,98624
 2015/04/01,9540,9552,9487,9507,111444
 2015/04/02,9538,9630,9535,9613,114119
 2015/04/07,9653,9660,9612,9629,72558
 2015/04/08,9633,9635,9558,9570,93175
 2015/04/09,9579,9676,9564,9572,149624
 2015/04/10,9628,9665,9592,9631,120457
 2015/04/13,9673,9683,9633,9658,93462
 2015/04/14,9641,9672,9626,9645,84520
 2015/04/15,9626,9654,9507,9519,83539
 2015/04/16,9561,9649,9548,9647,125788
 2015/04/17,9619,9629,9569,9584,105924
 2015/04/20,9530,9583,9506,9561,124844
 2015/04/21,9585,9613,9535,9556,109112
 2015/04/22,9561,9636,9561,9613,140112
 2015/04/23,9656,9854,9652,9838,186347
 2015/04/24,9880,10000,9860,9920,206172
 2015/04/27,9958,10031,9945,10019,147811
 2015/04/28,10022,10033,9963,9990,105272
 2015/04/29,9978,10022,9882,9909,173931
 2015/04/30,9902,9930,9858,9874,130960
 2015/05/04,9897,9911,9824,9886,112699
 2015/05/05,9866,9878,9814,9849,102568
 2015/05/06,9802,9865,9763,9847,117999
 2015/05/07,9786,9808,9745,9753,130534
 2015/05/08,9769,9783,9713,9721,92550
 2015/05/11,9800,9814,9657,9723,155184
 2015/05/12,9707,9748,9673,9706,115207
 2015/05/13,9712,9776,9697,9739,114681
 2015/05/14,9737,9741,9599,9604,138661
 2015/05/15,9635,9642,9541,9575,129471
 2015/05/18,9612,9614,9552,9598,102650
 2015/05/19,9616,9723,9602,9702,131463
 2015/05/20,9704,9725,9657,9668,73133
 2015/05/21,9645,9648,9512,9541,128659
 2015/05/22,9562,9649,9546,9625,110540
 2015/05/25,9603,9640,9550,9630,94010
 2015/05/26,9613,9725,9606,9659,113898
 2015/05/27,9607,9698,9601,9661,109490
 2015/05/28,9711,9750,9683,9731,113114
 2015/05/29,9741,9765,9688,9703,105530
 2015/06/01,9668,9713,9601,9630,117845
 2015/06/02,9586,9639,9565,9607,103681
 2015/06/03,9640,9648,9535,9547,124180
 2015/06/04,9531,9553,9301,9310,202135
 2015/06/05,9324,9347,9269,9308,125037
 2015/06/08,9312,9404,9235,9348,134575
 2015/06/09,9303,9346,9201,9237,142752
 2015/06/10,9256,9328,9252,9284,122486
 2015/06/11,9328,9333,9224,9288,119493
 2015/06/12,9272,9314,9230,9267,106398
 2015/06/15,9272,9318,9220,9244,119565
 2015/06/16,9244,9258,9164,9215,119914
 2015/06/17,9215,9237,9177,9182,61706
 2015/06/18,9044,9078,9011,9049,101634
 2015/06/22,9108,9203,9105,9182,103562
 2015/06/23,9221,9268,9208,9231,106239
 2015/06/24,9215,9248,9193,9247,80540
 2015/06/25,9268,9370,9263,9340,134204
 2015/06/26,9348,9348,9300,9321,72218
 2015/06/29,9195,9222,9109,9138,128844
 2015/06/30,9146,9217,9124,9212,103641
 2015/07/01,9185,9319,9184,9294,124416
 2015/07/02,9300,9325,9260,9277,91473
 2015/07/03,9258,9305,9171,9304,133033
 2015/07/06,9235,9297,9182,9197,124973
 2015/07/07,9260,9303,9210,9242,131787
 2015/07/08,9205,9210,8912,8943,208496
 2015/07/09,8801,8939,8724,8873,193187
 2015/07/13,8935,9005,8902,8994,156806
 2015/07/14,9040,9084,8982,8984,136144
 2015/07/15,9040,9078,8989,9030,88463
 2015/07/16,8935,8983,8900,8918,132945
 2015/07/17,8906,8935,8871,8912,112382
 2015/07/20,8970,9027,8804,8851,155272
 2015/07/21,8887,8940,8815,8936,130287
 2015/07/22,8882,8883,8795,8815,141837
 2015/07/23,8778,8822,8670,8755,172952
 2015/07/24,8720,8740,8653,8684,119108
 2015/07/27,8637,8670,8493,8522,166804
 2015/07/28,8500,8591,8480,8541,144721
 2015/07/29,8533,8548,8440,8484,163354
 2015/07/30,8520,8632,8509,8610,145799
 2015/07/31,8593,8606,8508,8570,134719
 2015/08/03,8546,8548,8400,8452,136785
 2015/08/04,8487,8552,8416,8465,167590
 2015/08/05,8504,8547,8448,8523,145106
 2015/08/06,8541,8579,8366,8390,179725
 2015/08/07,8360,8423,8312,8389,148962
 2015/08/10,8405,8461,8345,8445,143249
 2015/08/11,8505,8556,8358,8360,185332
 2015/08/12,8365,8390,8243,8299,184836
 2015/08/13,8348,8363,8275,8306,151639
 2015/08/14,8262,8334,8262,8325,112509
 2015/08/17,8321,8330,8223,8238,125957
 2015/08/18,8241,8276,8161,8171,130582
 2015/08/19,8178,8179,7993,8002,101864
 2015/08/20,7949,8040,7898,7976,187942
 2015/08/21,7858,7887,7740,7746,174438
 2015/08/24,7609,7676,7010,7340,364785
 2015/08/25,7400,7606,7318,7577,233175
 2015/08/26,7525,7678,7432,7607,238178
 2015/08/27,7656,7729,7631,7680,169791
 2015/08/28,7812,7902,7791,7876,167248
 2015/08/31,7831,8034,7802,7969,144165
 2015/09/01,7901,7964,7802,7834,174196
 2015/09/02,7768,7997,7761,7945,197665
 2015/09/03,7961,8003,7874,7977,151197
 2015/09/04,7931,8039,7872,7890,176043
 2015/09/07,7850,8008,7843,7932,169579
 2015/09/08,7930,7979,7880,7976,137093
 2015/09/09,8114,8340,8104,8332,194442
 2015/09/10,8226,8292,8192,8262,146244
 2015/09/11,8221,8295,8202,8263,120481
 2015/09/14,8319,8340,8210,8273,149956
 2015/09/15,8300,8333,8230,8237,137170
 2015/09/16,8310,8358,8270,8318,80906
 2015/09/17,8368,8478,8364,8437,141074
 2015/09/18,8418,8459,8383,8437,122478
 2015/09/21,8328,8335,8233,8270,126365
 2015/09/22,8295,8340,8276,8330,99115
 2015/09/23,8234,8250,8135,8140,138538
 2015/09/24,8188,8219,8047,8091,163890
 2015/09/25,8142,8152,8033,8120,161413
 2015/09/30,8015,8178,7983,8135,165188
 2015/10/01,8174,8330,8116,8309,178858
 2015/10/02,8283,8319,8254,8277,104901
 2015/10/05,8358,8377,8275,8335,131099
 2015/10/06,8431,8478,8365,8370,147140
 2015/10/07,8377,8497,8357,8492,140147
 2015/10/08,8534,8544,8422,8441,142571
 2015/10/12,8494,8580,8464,8552,125543
 2015/10/13,8554,8575,8511,8553,99975
 2015/10/14,8521,8554,8492,8519,108262
 2015/10/15,8565,8668,8565,8608,138824
 2015/10/16,8588,8627,8571,8607,98558
 2015/10/19,8627,8670,8588,8624,117062
 2015/10/20,8644,8663,8629,8659,83770
 2015/10/21,8690,8704,8593,8617,71803
 2015/10/22,8588,8633,8566,8595,97736
 2015/10/23,8742,8752,8669,8692,108905
 2015/10/26,8730,8765,8716,8736,79592
 2015/10/27,8722,8728,8655,8691,99136
 2015/10/28,8685,8710,8613,8638,115433
 2015/10/29,8681,8685,8545,8550,142670
 2015/10/30,8560,8600,8484,8568,155466
 2015/11/02,8535,8598,8502,8583,114793
 2015/11/03,8665,8740,8645,8721,123033
 2015/11/04,8765,8900,8751,8882,160402
 2015/11/05,8879,8899,8832,8870,96100
 2015/11/06,8850,8858,8650,8689,185282
 2015/11/09,8677,8748,8597,8631,165493
 2015/11/10,8581,8592,8512,8532,131070
 2015/11/11,8507,8549,8372,8380,179202
 2015/11/12,8404,8461,8354,8461,148495
 2015/11/13,8380,8472,8318,8356,178126
 2015/11/16,8245,8307,8212,8290,139331
 2015/11/17,8370,8490,8369,8440,152201
 2015/11/18,8440,8450,8326,8336,81613
 2015/11/19,8371,8460,8323,8447,155548
 2015/11/20,8430,8475,8396,8444,114281
 2015/11/23,8488,8511,8407,8478,124827
 2015/11/24,8461,8494,8362,8402,159334
 2015/11/25,8412,8418,8320,8388,137748
 2015/11/26,8412,8525,8410,8502,134327
 2015/11/27,8520,8534,8377,8393,137736
 2015/11/30,8311,8345,8202,8300,167237
 2015/12/01,8360,8463,8317,8456,158141
 2015/12/02,8433,8510,8415,8452,146804
 2015/12/03,8388,8490,8363,8476,147876
 2015/12/04,8361,8410,8326,8397,142112
 2015/12/07,8495,8550,8455,8468,140025
 2015/12/08,8438,8451,8318,8334,148126
 2015/12/09,8311,8328,8212,8221,155405
 2015/12/10,8182,8208,8101,8188,173415
 2015/12/11,8200,8220,8068,8071,164753
 2015/12/14,7976,8065,7949,8058,144310
 2015/12/15,8077,8137,8048,8066,139344
 2015/12/16,8180,8209,8112,8198,87705
 2015/12/17,8202,8303,8176,8281,144410
 2015/12/18,8248,8319,8206,8231,145205
 2015/12/21,8173,8283,8133,8280,137963
 2015/12/22,8257,8297,8220,8277,126517
 2015/12/23,8301,8347,8267,8290,134900
 2015/12/24,8346,8388,8293,8317,114489
 2015/12/25,8335,8378,8306,8376,69641
 2015/12/28,8370,8394,8349,8356,74401
 2015/12/29,8321,8347,8263,8287,110566
 2015/12/30,8313,8329,8226,8260,115891
 2015/12/31,8240,8300,8234,8272,103781
 2016/01/04,8262,8294,8036,8075,191331
 2016/01/05,8099,8130,8011,8025,164756
 2016/01/06,8038,8048,7901,7971,200598
 2016/01/07,7956,7971,7731,7799,246399
 2016/01/08,7755,7884,7734,7868,182333
 2016/01/11,7730,7793,7672,7740,184748
 2016/01/12,7800,7808,7680,7709,176648
 2016/01/13,7784,7849,7736,7806,188268
 2016/01/14,7647,7724,7607,7716,171850
 2016/01/15,7801,7809,7636,7665,183418
 2016/01/18,7513,7828,7503,7814,241486
 2016/01/19,7786,7868,7750,7867,165954
 2016/01/20,7797,7804,7673,7705,116624
 2016/01/21,7659,7706,7601,7613,202230
 2016/01/22,7730,7752,7641,7748,183045
 2016/01/25,7768,7881,7766,7833,145944
 2016/01/26,7784,7810,7745,7779,145032
 2016/01/27,7850,7859,7778,7839,145619
 2016/01/28,7800,7903,7793,7855,153244
 2016/01/29,7841,8073,7820,8053,236477
 2016/01/30,8103,8167,8091,8163,68665
 2016/02/01,8131,8150,8067,8124,152839
 2016/02/02,8079,8149,8061,8105,133729
 2016/02/03,8026,8085,7993,8034,158007
 2016/02/15,7920,8068,7907,8049,132682
 2016/02/16,8080,8232,8077,8205,153558
 2016/02/17,8232,8251,8193,8212,73251
 2016/02/18,8290,8332,8233,8284,123075
 2016/02/19,8278,8318,8253,8304,93479
 2016/02/22,8289,8404,8261,8302,140771
 2016/02/23,8321,8331,8271,8318,109053
 2016/02/24,8300,8382,8216,8248,163799
 2016/02/25,8287,8375,8271,8337,146795
 2016/02/26,8390,8416,8311,8391,139525
 2016/03/01,8372,8484,8360,8448,136259
 2016/03/02,8540,8575,8500,8517,130846
 2016/03/03,8530,8606,8517,8566,133529
 2016/03/04,8570,8618,8548,8602,124749
 2016/03/07,8605,8685,8573,8605,128900
 2016/03/08,8611,8620,8525,8614,136044
 2016/03/09,8613,8632,8555,8620,117377
 2016/03/10,8629,8676,8601,8641,120396
 2016/03/11,8618,8707,8608,8707,132707
 2016/03/14,8727,8778,8725,8741,112139
 2016/03/15,8739,8750,8578,8603,167109
 2016/03/16,8636,8705,8633,8691,64232
 2016/03/17,8754,8819,8681,8698,165522
 2016/03/18,8725,8779,8703,8763,124958
 2016/03/21,8798,8810,8690,8745,118631
 2016/03/22,8775,8776,8660,8752,145545
 2016/03/23,8761,8787,8698,8721,137212
 2016/03/24,8685,8751,8627,8714,151791
 2016/03/25,8727,8759,8671,8702,106496
 2016/03/28,8720,8733,8653,8683,108424
 2016/03/29,8682,8697,8564,8600,158070
 2016/03/30,8645,8747,8626,8740,148145
 2016/03/31,8784,8815,8691,8715,166161
 2016/04/01,8670,8694,8598,8629,156482
 2016/04/06,8591,8599,8453,8460,156407
 2016/04/07,8470,8493,8381,8438,152741
 2016/04/08,8388,8500,8375,8484,141629
 2016/04/11,8456,8530,8415,8514,130911
 2016/04/12,8541,8584,8468,8495,148275
 2016/04/13,8542,8644,8529,8638,147192
 2016/04/14,8705,8724,8645,8661,119974
 2016/04/15,8620,8719,8591,8716,136854
 2016/04/18,8651,8684,8630,8645,111226
 2016/04/19,8700,8748,8598,8636,158491
 2016/04/20,8657,8684,8498,8519,105896
 2016/04/21,8513,8535,8455,8530,121720
 2016/04/22,8513,8560,8461,8498,150062
 2016/04/25,8519,8540,8477,8527,98787
 2016/04/26,8533,8619,8523,8573,135704
 2016/04/27,8560,8590,8506,8557,116757
 2016/04/28,8586,8599,8408,8417,190019
 2016/04/29,8375,8400,8303,8309,132260
 2016/05/03,8319,8330,8220,8259,123157
 2016/05/04,8238,8257,8105,8177,176592
 2016/05/05,8160,8181,8095,8142,137990
 2016/05/06,8118,8140,8061,8102,132563
 2016/05/09,8141,8160,8065,8114,122435
 2016/05/10,8116,8180,8057,8153,151146
 2016/05/11,8177,8192,8081,8125,152178
 2016/05/12,8096,8155,8066,8084,138711
 2016/05/13,8067,8075,7953,8019,170540
 2016/05/16,8021,8085,7988,8062,132897
 2016/05/17,8076,8152,8020,8150,164654
 2016/05/18,8093,8153,8056,8148,77042
 2016/05/19,8118,8130,8006,8034,142629
 2016/05/20,8035,8125,8023,8104,161767
 2016/05/23,8121,8355,8051,8346,210720
 2016/05/24,8329,8345,8276,8283,101231
 2016/05/25,8341,8412,8332,8385,130270
 2016/05/26,8401,8408,8352,8385,89102
 2016/05/27,8416,8468,8390,8462,107120
 2016/05/30,8481,8533,8433,8508,118598
 2016/05/31,8499,8545,8455,8515,126395
 2016/06/01,8490,8590,8486,8563,127418
 2016/06/02,8568,8610,8518,8552,131250
 2016/06/03,8561,8585,8537,8566,89927
 2016/06/04,8566,8590,8560,8576,29951
 2016/06/06,8575,8655,8507,8575,135249
 2016/06/07,8614,8684,8606,8666,127819
 2016/06/08,8673,8742,8671,8718,135065
 2016/06/13,8635,8636,8502,8525,156484
 2016/06/14,8495,8578,8483,8575,113683
 2016/06/15,8552,8607,8508,8601,86838
 2016/06/16,8410,8410,8247,8283,161494
 2016/06/17,8348,8431,8345,8395,135050
 2016/06/20,8503,8520,8428,8469,116528
 2016/06/21,8459,8525,8435,8510,106832
 2016/06/22,8510,8530,8460,8509,113230
 2016/06/23,8515,8526,8467,8510,80671
 2016/06/24,8500,8553,8140,8237,350484
 2016/06/27,8250,8339,8239,8325,123131
 2016/06/28,8274,8387,8260,8376,128666
 2016/06/29,8392,8493,8391,8436,136847
 2016/06/30,8492,8542,8440,8518,149910
 2016/07/01,8568,8638,8551,8626,125937
 2016/07/04,8636,8679,8598,8630,117023
 2016/07/05,8600,8635,8567,8609,99016
 2016/07/06,8552,8559,8443,8468,166638
 2016/07/07,8508,8571,8505,8562,99013
 2016/07/11,8683,8748,8677,8736,120241
 2016/07/12,8751,8795,8736,8777,108508
 2016/07/13,8825,8837,8726,8793,149460
 2016/07/14,8800,8841,8769,8813,115361
 2016/07/15,8846,8925,8823,8911,135980
 2016/07/18,8918,9001,8912,8998,121872
 2016/07/19,9020,9035,8962,9033,135725
 2016/07/20,9010,9042,8972,9003,94642
 2016/07/21,8922,9009,8916,8984,120520
 2016/07/22,8965,8984,8925,8925,108745
 2016/07/25,8967,9027,8803,8891,175723
 2016/07/26,8871,8970,8862,8965,121917
 2016/07/27,9016,9049,8952,8976,150067
 2016/07/28,8982,9027,8926,8981,124950
 2016/07/29,9003,9014,8889,8893,153817
 2016/08/01,8940,9043,8936,9041,121841
 2016/08/02,9014,9035,8993,9015,84612
 2016/08/03,8914,8972,8861,8933,141402
 2016/08/04,8990,8992,8891,8971,125262
 2016/08/05,8996,9074,8973,9063,127647
 2016/08/08,9133,9148,9063,9116,111631
 2016/08/09,9122,9145,9096,9118,94114
 2016/08/10,9136,9167,9090,9145,123597
 2016/08/11,9125,9159,8998,9085,165714
 2016/08/12,9129,9149,9102,9130,109885
 2016/08/15,9147,9161,9087,9125,130933
 2016/08/16,9155,9156,9052,9088,162847
 2016/08/17,9073,9123,9067,9121,68207
 2016/08/18,9010,9059,8980,9042,102776
 2016/08/19,9050,9109,8942,8946,180514
 2016/08/22,8941,8949,8853,8892,140625
 2016/08/23,8921,8988,8912,8984,110642
 2016/08/24,9002,9023,8948,8956,100206
 2016/08/25,8942,9073,8939,9072,131838
 2016/08/26,9055,9090,9036,9080,86770
 2016/08/29,9045,9075,8948,9042,148143
 2016/08/30,9075,9085,9021,9036,106337
 2016/08/31,9018,9060,8959,8976,144241
 2016/09/01,8971,8980,8883,8941,151424
 2016/09/02,8948,8973,8904,8931,110392
 2016/09/05,9000,9067,8997,9062,105105
 2016/09/06,9073,9160,9062,9150,103692
 2016/09/07,9156,9262,9150,9253,121479
 2016/09/08,9251,9253,9215,9239,74430
 2016/09/09,9182,9184,9113,9127,128752
 2016/09/10,8930,9001,8923,8953,75595
 2016/09/12,8990,8994,8898,8899,137444
 2016/09/13,8974,8979,8816,8906,173830
 2016/09/14,8866,8942,8854,8874,129885
 2016/09/19,8949,9158,8947,9151,162262
 2016/09/20,9142,9164,9113,9141,107397
 2016/09/21,9129,9224,9115,9221,76502
 2016/09/22,9221,9262,9154,9188,123322
 2016/09/23,9234,9248,9189,9236,95279
 2016/09/26,9222,9226,9148,9154,95532
 2016/09/29,9226,9297,9206,9253,134752
 2016/09/30,9183,9206,9127,9128,131337
 2016/10/03,9205,9230,9161,9194,100555
 2016/10/04,9202,9259,9187,9247,95262
 2016/10/05,9210,9266,9201,9240,81576
 2016/10/06,9281,9283,9207,9256,100967
 2016/10/07,9250,9269,9236,9253,66389
 2016/10/11,9300,9343,9143,9191,178389
 2016/10/12,9180,9274,9164,9260,113440
 2016/10/13,9268,9282,9179,9203,138511
 2016/10/14,9207,9224,9147,9169,130516
 2016/10/17,9178,9193,9060,9166,202913
 2016/10/18,9183,9218,9154,9212,133283
 2016/10/19,9223,9300,9219,9280,87933
 2016/10/20,9269,9295,9235,9278,101510
 2016/10/21,9259,9322,9241,9264,118712
 2016/10/24,9294,9325,9269,9309,97060
 2016/10/25,9328,9394,9308,9374,112280
 2016/10/26,9340,9363,9323,9336,89110
 2016/10/27,9324,9348,9260,9287,127682
 2016/10/28,9286,9313,9261,9280,95640
 2016/10/31,9263,9300,9174,9283,146504
 2016/11/01,9259,9292,9226,9280,101255
 2016/11/02,9199,9225,9144,9160,150857
 2016/11/03,9131,9160,9078,9088,134541
 2016/11/04,9058,9094,9047,9064,97483
 2016/11/07,9131,9200,9115,9196,105071
 2016/11/08,9216,9230,9162,9225,115585
 2016/11/09,9223,9307,8891,8929,385514
 2016/11/10,9140,9192,9134,9177,134067
 2016/11/11,9048,9057,8949,8967,179369
 2016/11/14,8957,8988,8877,8945,184246
 2016/11/15,8900,8975,8896,8938,142410
 2016/11/16,8990,9034,8979,8983,83943
 2016/11/17,8942,8965,8906,8962,126400
 2016/11/18,8979,9006,8926,8987,131675
 2016/11/21,8980,9026,8971,9017,85149
 2016/11/22,9050,9164,9041,9140,132590
 2016/11/23,9150,9192,9142,9175,97048
 2016/11/24,9156,9165,9117,9142,100734
 2016/11/25,9142,9192,9133,9162,98602
 2016/11/28,9157,9248,9150,9223,116679
 2016/11/29,9222,9238,9196,9203,102746
 2016/11/30,9211,9245,9177,9226,121118
 2016/12/01,9229,9279,9218,9261,107733
 2016/12/02,9199,9200,9148,9165,118876
 2016/12/05,9159,9183,9117,9157,107414
 2016/12/06,9232,9285,9230,9262,100307
 2016/12/07,9300,9305,9248,9263,92062
 2016/12/08,9360,9370,9315,9367,107870
 2016/12/09,9377,9399,9365,9390,73814
 2016/12/12,9420,9440,9350,9355,123782
 2016/12/13,9340,9381,9338,9378,69542
 2016/12/14,9409,9413,9353,9370,85638
 2016/12/15,9330,9374,9305,9368,126853
 2016/12/16,9367,9370,9309,9312,104771
 2016/12/19,9290,9317,9242,9246,127172
 2016/12/20,9261,9266,9209,9260,116914
 2016/12/21,9261,9269,9225,9232,61153
 2016/12/22,9211,9222,9123,9130,116265
 2016/12/23,9115,9147,9088,9090,108536
 2016/12/26,9107,9131,9089,9123,69849
 2016/12/27,9123,9130,9106,9113,47698
 2016/12/28,9110,9213,9105,9211,97287
 2016/12/29,9188,9211,9168,9184,92408
 2016/12/30,9215,9282,9215,9262,116957
 2017/01/03,9266,9282,9231,9281,89282
 2017/01/04,9281,9295,9261,9273,87462
 2017/01/05,9270,9354,9266,9340,119149
 2017/01/06,9353,9375,9338,9367,67027
 2017/01/09,9379,9409,9325,9344,113565
 2017/01/10,9332,9350,9320,9342,76021
 2017/01/11,9395,9396,9333,9338,91651
 2017/01/12,9353,9433,9350,9410,117651
 2017/01/13,9388,9397,9361,9374,88034
 2017/01/16,9360,9362,9274,9286,135414
 2017/01/17,9282,9344,9280,9341,94530
 2017/01/18,9336,9349,9314,9340,55499
 2017/01/19,9337,9342,9254,9306,123137
 2017/01/20,9283,9338,9278,9330,77047
 2017/01/23,9319,9423,9318,9407,99777
 2017/01/24,9423,9464,9405,9446,78935
 2017/02/02,9500,9510,9373,9375,138242
 2017/02/03,9418,9458,9408,9439,95766
 2017/02/06,9477,9533,9441,9505,116954
 2017/02/07,9499,9525,9482,9520,71159
 2017/02/08,9513,9535,9463,9515,114482
 2017/02/09,9518,9579,9505,9576,110690
 2017/02/10,9600,9681,9586,9658,136883
 2017/02/13,9670,9705,9661,9705,118488
 2017/02/14,9729,9758,9695,9710,148146
 2017/02/15,9726,9801,9722,9800,68161
 2017/02/16,9819,9852,9758,9772,136500
 2017/02/17,9760,9786,9747,9762,77496
 2017/02/18,9778,9789,9772,9788,23312
 2017/02/20,9786,9814,9737,9766,101368
 2017/02/21,9777,9785,9728,9766,99916
 2017/02/22,9783,9827,9767,9783,121485
 2017/02/23,9780,9820,9755,9772,115454
 2017/02/24,9770,9786,9730,9761,100020
 2017/03/01,9766,9770,9678,9682,137961
 2017/03/02,9761,9784,9643,9691,158914
 2017/03/03,9648,9672,9623,9629,122036
 2017/03/06,9639,9684,9619,9683,98832
 2017/03/07,9693,9734,9682,9727,95033
 2017/03/08,9736,9765,9701,9748,115988
 2017/03/09,9739,9742,9642,9652,142245
 2017/03/10,9647,9652,9555,9625,170995
 2017/03/13,9644,9698,9643,9692,132818
 2017/03/14,9713,9767,9711,9749,116325
 2017/03/15,9742,9752,9715,9732,67761
 2017/03/16,9805,9852,9782,9840,124172
 2017/03/17,9850,9896,9837,9890,95443
 2017/03/20,9870,9908,9855,9895,87814
 2017/03/21,9926,9980,9916,9962,117665
 2017/03/22,9890,9907,9851,9898,131137
 2017/03/23,9941,9952,9879,9909,124574
 2017/03/24,9927,9928,9883,9901,100432
 2017/03/27,9878,9917,9844,9865,121135
 2017/03/28,9920,9927,9805,9883,180278
 2017/03/29,9902,9904,9851,9862,112257
 2017/03/30,9864,9888,9834,9850,101697
 2017/03/31,9858,9872,9812,9821,97954
 2017/04/05,9849,9968,9843,9961,138318
 2017/04/06,9930,9941,9880,9897,111709
 2017/04/07,9903,9905,9772,9863,202548
 2017/04/10,9868,9892,9843,9876,94012
 2017/04/11,9866,9895,9807,9816,156736
 2017/04/12,9818,9830,9776,9814,119614
 2017/04/13,9802,9869,9792,9846,147700
 2017/04/14,9806,9808,9711,9716,168301
 2017/04/17,9740,9754,9680,9722,166226
 2017/04/18,9757,9772,9721,9737,123870
 2017/04/19,9700,9707,9632,9638,104812
 2017/04/20,9598,9640,9584,9615,114520
 2017/04/21,9665,9706,9655,9697,110196
 2017/04/24,9747,9766,9684,9705,124863
 2017/04/25,9746,9827,9728,9813,140137
 2017/04/26,9855,9871,9826,9841,120562
 2017/04/27,9829,9850,9808,9839,94948
 2017/04/28,9847,9884,9834,9857,107661
 2017/05/02,9899,9950,9897,9932,104635
 2017/05/03,9946,9966,9934,9936,77543
 2017/05/04,9951,9965,9918,9959,87102
 2017/05/05,9946,9951,9879,9889,110276
 2017/05/08,9929,9959,9895,9921,103607
 2017/05/09,9916,9994,9898,9904,165930
 2017/05/10,9938,9959,9918,9947,92446
 2017/05/11,9962,9997,9946,9987,123805
 2017/05/12,9982,9996,9966,9981,86535
 2017/05/15,9990,10031,9975,10028,118391
 2017/05/16,10040,10054,10000,10022,112096
 2017/05/17,9993,10022,9975,10000,72780
 2017/05/18,9903,9958,9878,9951,130546
 2017/05/19,9968,9973,9931,9932,75363
 2017/05/22,9965,9980,9942,9975,84227
 2017/05/23,9984,10017,9968,9994,97438
 2017/05/24,10007,10030,9998,10020,79667
 2017/05/25,10042,10110,10040,10107,99562
 2017/05/26,10130,10131,10080,10093,103748
 2017/05/31,10085,10105,10023,10031,111055
 2017/06/01,10030,10075,10023,10069,86130
 2017/06/02,10113,10137,10105,10135,93461
 2017/06/03,10147,10160,10137,10157,23927
 2017/06/05,10148,10207,10115,10200,109207
 2017/06/06,10196,10206,10184,10185,63197
 2017/06/07,10180,10229,10165,10192,113720
 2017/06/08,10204,10218,10184,10211,72661
 2017/06/09,10230,10252,10186,10192,101940
 2017/06/12,10129,10159,10110,10120,110070
 2017/06/13,10123,10143,10106,10137,91633
 2017/06/14,10161,10165,10021,10065,169231
 2017/06/15,10051,10075,10018,10073,114510
 2017/06/16,10078,10159,10061,10146,133595
 2017/06/19,10164,10251,10160,10239,126148
 2017/06/20,10276,10353,10268,10322,134420
 2017/06/21,10273,10371,10267,10369,97063
 2017/06/22,10198,10234,10174,10231,117671
 2017/06/23,10221,10245,10193,10215,101667
 2017/06/26,10207,10395,10202,10381,188289
 2017/06/27,10390,10412,10353,10368,115847
 2017/06/28,10303,10342,10247,10261,160947
 2017/06/29,10325,10356,10260,10297,130102
 2017/06/30,10220,10263,10196,10252,124850
 2017/07/03,10260,10289,10231,10289,106319
 2017/07/04,10303,10306,10210,10217,140257
 2017/07/05,10215,10304,10171,10301,166870
 2017/07/06,10323,10329,10237,10267,130726
 2017/07/07,10225,10246,10195,10203,120431
 2017/07/10,10226,10242,10180,10210,111481
 2017/07/11,10232,10356,10228,10342,141931
 2017/07/12,10346,10383,10330,10339,114330
 2017/07/13,10393,10442,10371,10420,143543
 2017/07/14,10420,10424,10391,10403,79383
 2017/07/17,10458,10480,10414,10436,137588
